pH,Moisture (%),Bearing Capacity (kN/mÂ²),Soil Type
5.96,38.32,288.44,Sandy
7.7,42.62,251.41,Silty
7.16,14.55,210.55,Sandy
6.48,27.43,280.81,Peaty
5.73,44.09,416.76,Loamy
6.53,7.25,62.93,Clay
6.65,31.83,203.85,Sandy
5.14,21.77,146.58,Clay
4.74,26.2,445.98,Clay
6.24,15.26,432.83,Loamy
4.83,16.18,209.71,Sandy
6.72,23.68,243.09,Sandy
5.28,46.85,305.83,Peaty
7.94,40.15,148.52,Loamy
6.33,8.72,193.99,Clay
8.89,7.02,266.15,Clay
6.2,23.45,266.82,Loamy
7.47,22.16,174.04,Peaty
6.71,29.56,265.18,Peaty
5.61,23.24,230.91,Clay
7.45,9.4,138.05,Loamy
6.93,31.11,395.57,Loamy
8.19,31.51,414.85,Silty
6.09,48.95,68.63,Clay
6.83,18.73,331.21,Peaty
8.0,8.26,337.0,Silty
9.0,13.74,145.77,Peaty
4.77,19.0,343.61,Clay
5.16,27.63,252.58,Peaty
7.56,47.5,182.29,Peaty
7.83,47.45,171.97,Sandy
5.86,27.77,68.87,Loamy
8.62,31.76,347.76,Sandy
5.5,24.94,254.07,Loamy
5.05,21.24,186.48,Peaty
5.25,49.49,177.87,Peaty
8.61,43.37,356.54,Silty
5.3,17.19,207.2,Sandy
5.38,46.27,413.77,Clay
5.94,38.61,357.38,Loamy
6.28,25.81,391.12,Clay
5.4,13.81,414.69,Silty
8.05,34.22,370.16,Clay
5.69,20.05,114.52,Loamy
6.23,12.9,176.35,Peaty
7.94,37.21,90.37,Peaty
5.46,39.97,146.25,Peaty
8.85,41.94,274.75,Loamy
5.22,38.82,391.47,Loamy
5.21,34.98,207.77,Peaty
6.14,31.4,286.66,Sandy
8.09,30.87,107.91,Clay
8.51,23.51,261.72,Peaty
6.83,33.27,275.16,Sandy
4.88,34.32,431.34,Loamy
8.19,14.23,156.91,Loamy
5.17,45.45,352.29,Loamy
6.71,36.65,84.97,Clay
7.06,42.92,321.1,Loamy
8.4,41.41,55.53,Peaty
6.26,15.75,413.38,Clay
4.51,43.91,114.71,Silty
8.11,23.08,99.12,Clay
7.18,46.29,314.55,Sandy
8.58,9.53,222.51,Loamy
8.32,44.37,376.48,Loamy
8.81,33.63,69.93,Sandy
8.08,32.55,62.94,Sandy
6.72,10.5,335.71,Clay
8.84,29.47,437.15,Clay
7.44,40.92,170.66,Clay
7.59,41.91,178.07,Clay
7.55,16.95,144.45,Sandy
5.89,16.16,99.57,Sandy
4.91,7.79,254.21,Peaty
8.36,48.64,265.8,Loamy
7.06,32.72,126.26,Silty
5.31,30.98,104.12,Sandy
8.9,18.0,95.1,Clay
4.6,46.31,228.46,Loamy
5.51,14.36,84.79,Sandy
6.47,7.74,361.89,Silty
8.59,29.31,214.58,Loamy
6.34,33.85,146.09,Clay
8.33,5.93,248.58,Peaty
5.7,46.68,442.0,Peaty
7.15,20.84,160.8,Clay
5.23,48.65,194.86,Sandy
4.84,19.43,175.98,Sandy
5.27,22.91,185.65,Peaty
8.82,45.79,226.59,Clay
6.19,44.02,94.78,Loamy
8.25,19.29,93.23,Sandy
8.84,19.39,413.26,Clay
7.21,9.48,395.52,Clay
7.2,45.22,395.89,Sandy
5.17,33.03,123.31,Sandy
6.05,46.4,66.56,Loamy
5.94,31.15,141.54,Clay
7.02,49.92,118.95,Sandy
4.88,34.12,137.91,Peaty
8.35,40.76,147.38,Clay
6.18,36.2,150.28,Sandy
7.79,45.95,415.58,Clay
5.41,43.79,364.61,Sandy
6.55,49.04,169.77,Clay
6.47,45.33,255.72,Sandy
7.65,10.55,157.33,Loamy
8.63,9.78,430.06,Sandy
8.71,15.49,266.05,Sandy
8.91,13.43,70.07,Sandy
7.36,14.09,208.78,Peaty
6.95,28.58,413.14,Silty
8.73,45.27,254.51,Sandy
5.98,23.54,174.24,Sandy
7.98,11.67,276.93,Clay
7.66,45.74,278.98,Clay
4.83,34.61,129.21,Sandy
7.34,27.11,83.61,Loamy
7.62,47.67,375.57,Clay
4.71,8.17,160.6,Silty
6.0,36.22,427.64,Loamy
6.19,36.09,402.97,Clay
5.34,17.45,353.63,Loamy
6.37,40.54,93.9,Silty
6.94,17.34,372.4,Loamy
7.91,5.47,86.27,Clay
4.54,31.55,88.86,Peaty
4.76,19.24,382.66,Loamy
7.22,44.6,141.24,Peaty
5.8,8.11,447.33,Silty
8.43,28.1,370.15,Sandy
7.06,5.87,220.04,Clay
7.53,21.5,316.91,Silty
7.11,31.9,395.82,Loamy
4.59,31.6,356.81,Sandy
6.13,28.21,296.26,Sandy
5.7,7.83,77.79,Loamy
7.33,24.29,163.82,Peaty
8.73,12.47,176.28,Silty
8.46,17.27,199.07,Loamy
7.08,7.29,245.27,Peaty
7.16,15.98,57.38,Silty
7.53,11.83,440.37,Clay
5.78,29.77,207.85,Loamy
7.03,11.77,106.97,Sandy
5.97,22.39,206.25,Loamy
5.9,7.39,262.46,Peaty
6.42,7.73,154.87,Peaty
8.45,38.83,314.77,Silty
8.57,25.86,432.33,Peaty
7.78,14.54,321.04,Loamy
8.92,24.67,202.82,Clay
6.94,19.58,388.34,Clay
8.62,22.1,203.82,Clay
5.36,18.73,187.05,Peaty
6.51,39.17,313.83,Peaty
7.08,47.62,435.2,Peaty
8.4,36.47,394.28,Silty
4.67,46.18,172.9,Silty
8.02,25.68,382.81,Clay
5.82,28.12,122.56,Silty
7.46,12.6,139.57,Sandy
6.7,23.78,429.02,Silty
6.31,36.37,219.49,Silty
4.82,46.23,210.53,Silty
7.88,48.52,78.67,Sandy
6.26,25.76,443.67,Peaty
8.48,19.99,225.09,Loamy
6.47,44.97,309.54,Silty
5.25,15.98,193.61,Loamy
5.2,30.29,250.18,Sandy
5.98,16.16,224.02,Clay
7.59,48.4,217.38,Peaty
5.0,31.56,175.54,Silty
5.09,44.36,60.22,Silty
5.22,38.32,234.8,Silty
7.66,43.36,300.53,Loamy
8.82,37.87,285.7,Silty
7.67,25.41,330.73,Clay
5.58,49.58,445.17,Clay
8.01,27.43,178.76,Sandy
7.95,39.67,184.31,Silty
4.94,8.42,418.05,Peaty
8.99,23.6,251.46,Silty
6.72,10.47,245.06,Silty
7.46,41.42,307.1,Peaty
4.75,15.9,398.21,Peaty
4.56,21.64,395.16,Silty
6.65,49.37,119.09,Clay
8.01,22.29,208.73,Clay
7.6,25.59,100.53,Clay
7.7,17.31,426.23,Loamy
7.69,8.62,312.47,Loamy
8.2,18.66,252.34,Silty
6.75,11.95,445.41,Loamy
6.54,17.9,436.02,Loamy
7.21,34.84,119.8,Loamy
5.28,38.86,398.82,Loamy
5.82,13.16,139.56,Clay
8.76,40.25,187.32,Clay
6.99,39.12,108.45,Peaty
4.62,32.97,207.36,Loamy
5.93,44.71,223.77,Peaty
5.15,37.58,199.24,Silty
6.93,7.48,314.21,Silty
7.08,5.93,339.74,Peaty
4.51,29.98,283.0,Clay
8.68,36.66,200.25,Sandy
4.83,19.92,232.87,Peaty
6.98,9.31,425.25,Peaty
5.71,31.66,71.27,Loamy
5.55,31.36,86.46,Sandy
7.04,23.9,215.48,Sandy
8.04,37.27,428.99,Sandy
7.74,25.78,147.29,Silty
5.08,20.55,370.45,Clay
5.25,44.63,442.34,Clay
5.56,5.34,311.73,Loamy
4.92,22.71,409.01,Loamy
8.21,35.38,335.13,Loamy
5.04,43.49,88.83,Clay
7.04,41.99,371.37,Silty
5.01,35.86,139.95,Loamy
6.69,28.72,219.67,Silty
5.97,45.81,433.7,Clay
7.03,7.83,184.85,Sandy
8.65,11.44,224.74,Loamy
8.13,23.41,274.34,Sandy
5.88,20.55,136.04,Sandy
5.79,40.98,192.97,Loamy
7.87,6.94,207.09,Silty
6.38,23.44,140.26,Silty
6.97,19.19,348.39,Peaty
6.02,40.44,57.1,Peaty
6.12,39.39,234.63,Silty
7.9,17.45,211.44,Silty
6.98,31.22,201.69,Sandy
6.57,20.93,305.65,Clay
4.52,39.75,279.23,Loamy
7.39,45.14,171.49,Peaty
7.44,10.42,413.68,Clay
6.27,46.8,57.01,Clay
4.97,20.59,178.38,Loamy
8.59,8.12,397.11,Silty
6.68,26.88,350.48,Sandy
5.27,13.85,197.41,Loamy
6.46,28.09,247.31,Loamy
5.61,36.85,347.18,Loamy
8.67,6.5,222.88,Peaty
7.59,38.52,107.75,Loamy
5.35,24.79,335.63,Silty
5.96,33.24,350.28,Loamy
8.59,17.17,160.73,Sandy
7.67,48.27,112.86,Silty
4.74,30.06,441.94,Clay
5.03,30.24,99.35,Loamy
5.23,8.59,256.6,Loamy
7.67,7.61,449.73,Clay
5.74,16.65,360.45,Peaty
7.32,38.6,170.15,Sandy
6.23,12.44,250.63,Loamy
8.95,35.14,206.35,Sandy
4.86,13.9,394.65,Clay
6.45,17.48,73.03,Loamy
7.91,49.93,137.35,Clay
8.16,18.16,319.19,Loamy
7.34,43.77,152.24,Sandy
4.83,17.36,152.25,Loamy
5.22,35.69,205.96,Silty
6.69,5.9,430.55,Clay
6.72,41.44,241.28,Sandy
6.93,47.11,118.65,Sandy
5.01,43.23,282.57,Silty
7.38,20.18,175.15,Loamy
8.31,31.06,72.54,Silty
6.7,10.55,287.16,Loamy
8.4,21.89,78.79,Silty
8.96,35.99,342.84,Sandy
4.81,25.99,366.84,Silty
4.75,32.29,131.02,Loamy
7.79,7.88,129.05,Loamy
7.9,29.79,329.96,Silty
8.0,30.92,221.0,Clay
4.76,25.93,334.99,Silty
7.04,32.31,269.09,Peaty
4.74,40.72,192.6,Clay
6.64,35.93,398.57,Loamy
7.59,14.15,81.1,Loamy
8.94,17.09,139.32,Loamy
8.25,40.58,131.4,Sandy
7.35,26.31,439.59,Sandy
8.28,29.81,53.26,Clay
4.83,16.85,119.67,Peaty
8.72,34.98,157.58,Silty
7.49,16.96,109.44,Sandy
4.68,39.42,130.82,Peaty
7.6,43.71,95.4,Loamy
5.59,38.38,339.56,Clay
5.75,46.56,65.42,Silty
8.41,47.89,54.56,Sandy
4.84,19.84,280.57,Clay
6.63,9.5,306.72,Sandy
5.97,25.89,246.16,Peaty
4.51,30.86,235.01,Peaty
6.05,42.28,449.09,Peaty
7.57,33.31,431.68,Peaty
4.73,41.78,238.78,Sandy
6.1,27.37,438.49,Clay
5.57,38.08,96.69,Clay
4.8,35.14,391.62,Clay
8.74,40.26,361.21,Silty
5.34,36.3,73.79,Clay
4.9,43.59,121.67,Peaty
6.38,14.65,107.32,Peaty
8.68,36.69,226.15,Clay
5.95,28.08,213.9,Clay
4.91,10.92,342.67,Peaty
5.77,46.66,113.61,Peaty
4.96,12.61,368.49,Silty
5.79,20.23,375.77,Loamy
6.9,10.49,334.79,Loamy
5.01,45.36,330.81,Sandy
5.83,26.75,435.08,Silty
6.49,20.85,58.44,Peaty
6.82,16.67,208.28,Loamy
4.98,22.45,143.85,Peaty
8.7,5.88,367.25,Silty
4.99,41.25,70.6,Silty
6.65,33.33,89.46,Loamy
6.85,11.33,106.49,Peaty
5.42,40.04,265.16,Silty
6.39,6.29,159.66,Loamy
6.9,7.79,415.55,Loamy
8.61,26.84,351.18,Silty
5.3,12.77,113.1,Sandy
6.06,44.45,55.36,Clay
8.03,17.8,260.63,Loamy
7.21,26.42,267.75,Silty
4.79,47.96,448.01,Clay
8.19,12.83,107.08,Peaty
8.46,9.18,377.71,Loamy
8.34,29.95,290.66,Clay
4.78,17.05,403.72,Silty
8.41,43.4,447.15,Peaty
5.05,38.07,119.36,Peaty
8.45,46.18,389.55,Peaty
7.28,34.99,435.18,Peaty
8.93,10.57,135.66,Clay
5.85,7.5,220.43,Sandy
4.76,30.69,359.87,Clay
6.77,10.42,141.69,Loamy
7.33,44.14,72.99,Clay
6.61,45.57,445.69,Clay
5.25,27.28,331.28,Clay
7.57,18.17,353.83,Loamy
7.91,30.38,150.43,Silty
6.8,17.67,145.14,Sandy
8.06,26.34,126.42,Clay
4.75,31.15,68.24,Sandy
7.5,25.61,432.75,Silty
6.57,36.16,144.63,Sandy
7.86,10.36,336.47,Clay
8.42,8.29,289.32,Clay
4.55,31.13,441.19,Loamy
6.57,9.21,425.42,Clay
8.14,27.24,282.48,Sandy
4.79,5.74,63.6,Clay
5.6,46.38,315.74,Silty
6.19,38.42,142.24,Peaty
5.89,34.29,308.28,Loamy
8.6,15.5,353.75,Silty
8.35,10.13,217.94,Loamy
4.84,26.33,297.44,Peaty
6.81,14.22,384.6,Clay
4.57,43.28,179.69,Loamy
7.7,29.09,307.29,Silty
6.92,35.0,92.35,Sandy
5.9,23.71,393.66,Clay
4.84,13.86,203.29,Silty
7.29,25.35,337.01,Clay
7.04,15.06,417.14,Sandy
5.85,10.69,156.07,Peaty
7.43,11.14,417.8,Peaty
4.68,15.87,320.07,Loamy
5.58,27.7,413.84,Sandy
7.03,16.86,164.47,Sandy
7.01,19.24,102.43,Peaty
6.47,33.31,110.03,Peaty
8.49,22.27,101.71,Clay
8.44,35.13,154.34,Sandy
8.87,46.41,136.18,Loamy
7.16,40.14,223.88,Clay
7.04,43.74,109.6,Clay
4.79,7.38,283.78,Silty
4.87,17.2,367.33,Peaty
8.93,23.52,90.15,Clay
4.9,14.4,264.73,Peaty
6.49,26.51,63.48,Loamy
5.76,7.29,219.06,Sandy
5.81,34.45,233.32,Clay
8.99,42.74,354.63,Loamy
7.31,7.93,147.96,Sandy
8.61,8.14,325.07,Peaty
7.7,42.84,260.06,Clay
7.53,25.47,72.83,Sandy
8.62,28.01,285.57,Peaty
6.4,43.29,285.36,Loamy
4.6,44.9,346.1,Silty
7.01,43.87,157.68,Loamy
7.83,46.58,261.31,Silty
5.8,14.94,272.93,Loamy
6.9,32.48,191.24,Clay
6.58,10.83,439.86,Loamy
7.14,44.13,64.38,Clay
4.87,45.15,271.02,Peaty
8.41,35.15,396.98,Sandy
5.96,25.92,436.37,Sandy
7.0,33.24,183.77,Silty
6.98,11.04,240.53,Silty
4.74,17.49,331.47,Clay
8.33,8.58,83.07,Silty
8.01,19.79,127.99,Sandy
5.53,13.78,56.62,Peaty
4.93,8.73,341.73,Sandy
6.36,6.4,71.35,Silty
5.53,40.28,66.85,Clay
6.68,13.62,103.06,Silty
8.86,49.2,367.83,Peaty
7.19,18.38,132.99,Silty
6.57,37.04,259.06,Sandy
5.43,28.26,86.94,Sandy
5.53,14.93,362.39,Clay
4.53,34.39,69.68,Clay
5.7,47.4,370.58,Sandy
5.74,36.31,253.89,Sandy
5.02,32.92,80.39,Sandy
5.35,7.9,92.08,Sandy
7.14,9.19,414.99,Sandy
7.96,42.7,62.08,Clay
5.72,13.74,152.17,Silty
8.5,42.38,68.86,Peaty
5.96,47.46,175.66,Clay
5.54,28.8,297.73,Sandy
6.11,16.0,439.64,Silty
5.92,49.75,332.04,Sandy
7.67,44.42,377.38,Silty
8.41,23.15,369.01,Peaty
8.46,31.2,279.59,Peaty
6.49,13.81,267.72,Loamy
6.2,24.09,190.36,Silty
6.67,22.37,392.08,Clay
7.41,36.03,363.1,Clay
6.37,46.62,248.6,Sandy
7.38,5.61,150.96,Peaty
7.86,33.41,75.27,Peaty
5.22,48.15,266.16,Silty
7.82,32.08,424.46,Silty
7.64,46.19,384.36,Sandy
8.65,25.92,154.77,Silty
7.91,18.22,370.01,Sandy
6.56,41.99,262.33,Sandy
4.55,41.53,113.7,Clay
5.06,32.18,400.99,Loamy
6.11,20.72,139.15,Peaty
8.44,18.91,354.25,Peaty
4.88,34.37,284.67,Silty
7.12,25.15,150.94,Sandy
5.02,49.35,355.4,Silty
4.99,45.78,443.32,Sandy
7.61,14.44,353.31,Loamy
8.57,11.19,56.09,Peaty
4.7,26.59,306.77,Clay
8.59,17.49,223.66,Clay
7.67,6.04,241.29,Loamy
7.05,34.24,372.28,Sandy
5.52,22.22,340.96,Loamy
5.84,24.46,99.83,Clay
5.92,24.0,165.58,Silty
5.8,16.63,280.61,Loamy
4.99,12.12,249.96,Clay
6.3,15.98,269.09,Silty
6.56,31.24,56.75,Silty
6.15,31.06,416.38,Clay
4.94,16.81,277.04,Sandy
8.47,28.51,103.92,Silty
7.27,18.76,68.34,Silty
7.1,31.14,155.76,Silty
6.41,9.16,402.0,Clay
7.02,34.27,430.47,Silty
7.6,14.89,224.15,Peaty
4.68,47.84,405.01,Sandy
6.09,26.58,413.83,Silty
5.08,22.94,397.48,Sandy
5.58,21.06,425.76,Peaty
8.24,11.08,159.56,Clay
6.81,31.68,134.26,Sandy
7.14,17.66,308.07,Peaty
6.81,11.12,375.63,Sandy
6.53,9.3,142.29,Loamy
5.14,43.88,195.16,Silty
6.95,20.78,63.15,Loamy
8.67,48.09,242.53,Silty
6.09,26.64,328.61,Peaty
7.95,25.97,51.5,Clay
6.82,40.01,115.71,Peaty
7.92,45.09,97.57,Peaty
6.85,31.0,314.4,Sandy
8.17,11.05,384.24,Peaty
5.57,29.25,282.97,Silty
7.32,42.78,350.11,Sandy
5.91,46.92,441.02,Loamy
5.78,8.3,367.88,Loamy
7.97,9.29,268.45,Sandy
4.92,29.44,56.54,Sandy
4.55,10.1,333.43,Sandy
7.59,30.97,337.08,Silty
5.31,35.12,254.51,Loamy
8.51,17.08,162.6,Silty
8.51,35.42,396.34,Sandy
7.18,29.56,418.87,Silty
7.04,27.93,232.15,Peaty
7.99,31.63,312.32,Loamy
5.64,33.86,133.87,Loamy
5.13,12.1,116.93,Sandy
5.46,44.73,119.07,Sandy
6.59,35.83,441.03,Loamy
6.96,14.08,309.06,Silty
8.4,47.65,152.44,Sandy
8.61,39.48,139.79,Silty
5.24,23.36,331.8,Silty
8.33,31.02,51.57,Clay
7.03,38.51,413.68,Clay
5.35,48.61,93.91,Peaty
7.25,17.44,52.14,Peaty
6.93,34.31,118.89,Peaty
6.98,47.96,97.51,Sandy
4.88,6.52,206.31,Peaty
6.07,46.74,75.36,Silty
7.71,5.25,58.13,Peaty
8.2,26.01,444.28,Clay
7.78,46.02,246.56,Peaty
5.56,35.12,328.91,Peaty
8.75,5.91,309.97,Peaty
5.97,47.79,92.9,Peaty
8.08,5.74,373.08,Sandy
6.77,26.46,345.82,Sandy
7.05,23.81,238.66,Peaty
6.85,21.84,151.64,Sandy
4.69,40.08,446.12,Loamy
7.9,30.48,153.08,Sandy
6.14,44.34,303.46,Clay
4.51,26.28,389.5,Loamy
5.45,24.95,98.22,Peaty
8.06,16.66,352.46,Clay
8.09,7.22,130.31,Silty
8.82,33.78,271.33,Peaty
7.72,26.07,122.65,Peaty
8.02,30.78,422.47,Peaty
8.58,20.86,226.48,Peaty
8.33,30.75,222.19,Peaty
6.58,45.04,312.79,Peaty
6.9,34.25,374.24,Peaty
8.64,24.95,383.82,Clay
8.54,43.55,173.83,Silty
6.82,13.84,324.53,Sandy
4.53,47.02,335.9,Sandy
5.73,7.29,172.89,Clay
5.45,6.62,365.88,Loamy
5.67,41.37,75.94,Clay
6.51,9.93,407.7,Silty
4.96,46.31,323.67,Loamy
4.94,38.72,77.47,Sandy
7.83,27.09,103.18,Silty
5.85,31.89,178.3,Silty
7.49,49.1,111.56,Loamy
6.71,24.49,54.53,Clay
7.58,32.51,258.61,Clay
6.13,34.36,362.92,Loamy
4.68,22.45,325.22,Clay
8.79,19.81,334.78,Clay
7.82,38.91,78.49,Clay
5.02,15.92,309.02,Silty
4.53,49.62,291.31,Peaty
6.0,45.02,56.36,Sandy
4.85,18.01,103.1,Sandy
8.16,26.17,405.84,Loamy
4.76,13.38,360.64,Clay
5.57,9.73,109.48,Sandy
5.16,18.78,321.84,Clay
5.97,31.08,251.07,Sandy
6.34,21.87,210.99,Peaty
7.78,12.23,161.23,Peaty
7.76,43.93,142.06,Sandy
8.95,31.52,78.98,Clay
4.73,15.59,95.04,Sandy
8.9,21.58,246.05,Silty
6.44,35.01,441.97,Loamy
6.14,41.36,119.52,Loamy
8.1,14.31,243.58,Clay
7.21,23.24,347.91,Clay
8.09,32.98,90.64,Peaty
5.5,9.03,280.0,Sandy
4.89,8.66,219.68,Sandy
8.43,21.07,427.02,Clay
4.93,33.93,64.85,Sandy
4.51,32.36,179.77,Silty
6.62,14.2,434.8,Silty
7.27,34.13,309.62,Peaty
6.49,27.57,146.97,Clay
6.07,38.4,266.93,Peaty
6.78,17.32,78.72,Peaty
4.56,7.62,432.09,Sandy
5.05,28.41,247.38,Sandy
7.62,11.63,277.82,Sandy
6.57,49.01,157.61,Sandy
6.32,5.75,200.76,Peaty
7.52,22.8,296.64,Sandy
7.16,21.04,373.83,Peaty
6.62,41.71,363.96,Loamy
8.66,44.7,192.29,Silty
6.41,44.15,212.25,Peaty
6.65,44.2,170.89,Silty
7.06,11.88,143.13,Peaty
5.39,9.57,149.11,Loamy
5.81,43.42,130.88,Peaty
8.01,27.94,288.05,Clay
7.66,45.66,83.2,Clay
6.64,9.51,175.69,Clay
8.88,44.22,225.89,Sandy
8.62,5.98,421.92,Sandy
7.58,43.57,291.49,Peaty
5.76,46.15,257.42,Peaty
8.22,15.73,86.87,Loamy
7.88,7.92,87.53,Silty
6.07,27.51,176.45,Clay
6.17,27.34,183.71,Loamy
7.15,9.81,140.7,Peaty
8.82,25.18,155.27,Sandy
8.18,30.27,257.79,Peaty
6.49,34.72,442.43,Loamy
8.23,29.24,321.67,Silty
6.91,28.55,431.43,Clay
6.19,12.83,335.89,Loamy
8.71,20.04,188.0,Sandy
7.98,37.67,257.27,Clay
4.79,23.53,381.73,Loamy
6.19,25.42,145.56,Clay
8.54,10.01,332.22,Peaty
5.12,12.37,447.53,Clay
5.94,17.84,374.0,Clay
5.57,48.39,212.82,Sandy
5.4,30.24,338.49,Peaty
5.63,38.25,170.74,Sandy
5.18,23.61,76.15,Sandy
5.58,25.55,141.32,Clay
8.23,22.9,53.48,Silty
5.32,12.33,192.53,Loamy
5.69,34.33,423.04,Loamy
7.49,29.5,54.53,Peaty
7.29,36.77,136.09,Loamy
6.98,9.21,291.18,Loamy
7.43,31.49,135.93,Silty
5.58,45.59,382.55,Peaty
7.48,11.86,443.07,Loamy
8.43,39.41,371.99,Loamy
8.45,43.41,226.37,Silty
6.7,47.19,219.06,Sandy
8.17,30.24,296.59,Loamy
5.06,31.91,297.16,Silty
8.19,25.02,413.17,Clay
8.22,42.71,78.4,Peaty
7.0,22.84,217.65,Peaty
8.51,23.68,65.14,Peaty
7.04,34.33,211.92,Sandy
4.85,19.04,144.02,Clay
5.75,28.99,63.66,Peaty
7.76,39.95,171.5,Sandy
8.28,22.86,154.07,Peaty
4.9,48.57,233.35,Peaty
7.91,45.52,390.92,Peaty
8.4,10.24,267.57,Sandy
7.42,29.47,252.23,Loamy
6.55,7.7,220.36,Peaty
6.9,36.81,90.02,Silty
5.85,5.75,334.35,Sandy
8.74,25.52,173.64,Silty
7.37,44.69,98.41,Silty
8.74,26.35,414.57,Loamy
6.85,49.76,234.51,Sandy
4.94,15.32,407.63,Loamy
7.59,17.44,437.37,Loamy
6.62,6.62,314.94,Loamy
7.02,27.76,129.03,Sandy
5.41,30.41,52.07,Clay
5.15,31.66,321.64,Peaty
8.75,11.89,81.85,Peaty
4.7,40.67,212.72,Clay
6.31,22.93,166.7,Silty
6.27,43.66,401.79,Silty
7.93,32.14,109.61,Loamy
6.53,15.08,214.49,Silty
5.14,10.31,153.21,Clay
8.24,7.67,148.75,Loamy
9.0,26.26,227.09,Sandy
8.78,19.47,344.76,Peaty
7.06,23.42,444.63,Peaty
5.91,39.78,244.73,Loamy
6.68,37.12,83.37,Loamy
6.87,29.38,316.83,Peaty
5.81,15.32,77.43,Silty
7.56,25.64,308.66,Peaty
6.32,36.49,439.78,Peaty
5.16,24.73,225.9,Peaty
5.98,45.61,51.84,Loamy
5.84,10.11,175.88,Silty
6.62,39.63,83.2,Peaty
5.98,44.96,436.38,Peaty
6.55,45.24,135.9,Clay
6.35,13.42,102.1,Loamy
8.9,24.96,272.51,Loamy
6.15,18.73,321.25,Clay
6.55,8.85,57.86,Silty
5.95,28.06,243.99,Peaty
7.95,16.31,442.81,Clay
6.76,37.34,323.77,Peaty
5.85,19.99,148.1,Loamy
6.75,33.8,427.48,Sandy
4.67,43.88,67.47,Loamy
7.88,12.26,163.08,Peaty
6.58,36.06,186.21,Silty
8.95,28.68,366.71,Silty
7.07,33.54,437.54,Peaty
7.69,16.23,253.03,Loamy
5.7,20.22,288.14,Clay
5.18,11.71,326.16,Clay
6.41,20.26,282.57,Loamy
4.76,44.33,62.49,Sandy
9.0,29.33,150.35,Loamy
7.79,33.96,359.97,Peaty
6.93,7.82,200.23,Peaty
4.75,7.24,355.68,Clay
6.25,29.87,393.51,Silty
5.78,25.91,336.29,Silty
4.94,20.61,61.52,Clay
8.45,18.26,76.94,Clay
8.32,26.54,241.66,Loamy
7.99,45.95,378.41,Loamy
5.0,9.03,215.51,Loamy
5.92,43.92,70.22,Sandy
6.26,38.08,299.53,Loamy
7.53,13.29,130.93,Silty
7.1,9.32,226.93,Sandy
5.38,17.34,427.41,Silty
8.21,13.26,280.88,Loamy
8.64,38.02,181.41,Clay
6.81,17.99,136.49,Peaty
5.93,27.7,352.68,Sandy
5.47,39.81,275.6,Sandy
6.27,39.82,337.55,Silty
6.71,37.15,174.52,Peaty
5.04,23.19,344.74,Silty
6.47,7.89,88.79,Clay
8.35,27.16,96.56,Loamy
6.5,38.98,366.5,Clay
8.77,46.76,139.13,Clay
6.4,37.72,328.58,Silty
5.05,43.86,116.89,Peaty
6.45,45.93,99.2,Clay
8.83,23.71,354.22,Loamy
6.24,45.35,359.43,Peaty
7.88,9.02,369.47,Clay
8.42,11.34,352.02,Loamy
6.03,43.98,260.29,Loamy
5.86,20.81,110.85,Loamy
6.71,10.22,104.02,Clay
4.85,13.56,140.69,Loamy
8.76,9.46,423.01,Silty
5.75,49.99,234.52,Clay
7.53,24.55,246.22,Sandy
6.6,14.65,344.58,Peaty
5.38,46.96,238.49,Loamy
7.43,46.04,283.47,Silty
7.19,27.83,60.5,Clay
8.2,22.09,330.06,Peaty
5.01,47.62,405.34,Clay
8.87,30.73,110.95,Sandy
8.09,12.56,163.29,Loamy
5.9,21.97,288.94,Peaty
6.57,49.23,368.38,Loamy
5.18,39.44,187.08,Peaty
6.66,44.48,432.08,Sandy
5.55,43.0,103.47,Clay
4.72,27.94,211.52,Sandy
8.59,8.83,355.66,Loamy
7.11,48.13,225.87,Loamy
8.05,34.83,440.96,Loamy
6.0,13.63,59.47,Loamy
7.25,27.73,419.23,Peaty
6.56,18.46,53.01,Silty
5.11,28.44,233.93,Peaty
6.83,18.98,211.06,Silty
7.59,44.5,359.96,Loamy
6.44,34.63,346.93,Clay
7.51,20.57,292.32,Loamy
5.66,31.22,146.19,Peaty
5.61,44.06,131.18,Clay
7.88,41.77,391.14,Peaty
6.13,31.68,291.13,Silty
6.09,39.34,446.31,Sandy
6.4,48.22,339.81,Peaty
6.15,43.72,249.44,Silty
6.42,40.83,286.96,Clay
7.47,13.46,440.62,Peaty
5.04,15.7,427.13,Peaty
8.39,37.88,324.2,Silty
6.99,17.67,251.13,Sandy
5.56,28.36,322.25,Peaty
7.18,11.1,409.14,Peaty
7.49,28.24,350.46,Loamy
4.85,27.02,69.44,Sandy
6.21,40.65,301.23,Clay
8.47,8.11,339.71,Loamy
6.43,9.55,97.22,Clay
5.58,7.26,360.29,Silty
5.89,24.05,148.28,Peaty
6.72,29.84,100.0,Peaty
7.28,43.42,308.15,Peaty
6.1,46.08,360.01,Silty
7.92,14.23,308.01,Loamy
6.71,16.07,120.64,Peaty
8.83,22.94,242.23,Loamy
5.11,34.94,416.14,Silty
5.72,46.82,375.68,Clay
7.96,7.68,360.04,Sandy
5.52,15.4,138.83,Sandy
8.73,38.86,149.34,Silty
8.36,10.07,244.18,Sandy
8.0,13.23,50.97,Sandy
8.15,34.0,416.92,Peaty
4.99,8.79,223.31,Clay
8.07,6.96,403.49,Clay
8.36,32.81,436.61,Clay
6.81,43.92,171.22,Sandy
6.88,19.29,235.2,Sandy
5.88,12.13,435.2,Clay
4.64,21.97,105.87,Clay
4.72,20.87,188.7,Sandy
7.77,8.97,199.14,Loamy
5.35,19.54,307.62,Silty
8.65,35.4,190.49,Peaty
8.27,22.12,334.35,Sandy
5.48,18.11,279.88,Loamy
5.13,37.76,143.87,Peaty
7.78,34.45,251.48,Peaty
4.77,37.9,349.56,Clay
6.15,7.82,328.99,Sandy
5.61,21.25,349.09,Clay
5.49,18.19,237.35,Silty
7.25,44.45,89.58,Sandy
8.61,27.27,205.37,Loamy
8.54,29.11,185.64,Silty
8.13,15.56,76.42,Silty
5.54,19.74,254.68,Peaty
6.53,16.19,138.02,Sandy
5.49,49.45,138.96,Silty
5.0,5.23,177.47,Clay
5.7,44.83,417.05,Clay
7.1,5.75,234.38,Clay
5.22,15.59,443.42,Peaty
4.54,19.47,438.39,Clay
4.77,45.46,222.31,Sandy
6.07,38.55,435.11,Clay
6.28,8.01,122.66,Silty
7.26,28.48,163.08,Silty
6.85,19.44,354.22,Sandy
7.13,6.81,324.66,Sandy
5.58,17.74,160.53,Sandy
5.26,14.83,112.04,Silty
6.67,45.86,281.96,Silty
7.76,34.15,211.87,Clay
8.08,23.35,426.18,Peaty
7.39,49.82,266.12,Clay
6.36,26.08,89.07,Silty
7.96,9.53,90.2,Peaty
7.61,9.09,156.42,Loamy
5.48,39.91,200.08,Clay
7.59,37.25,67.08,Peaty
7.94,47.57,341.11,Peaty
4.57,12.08,77.58,Loamy
5.57,5.84,73.84,Peaty
4.89,15.76,153.38,Sandy
5.42,44.21,183.98,Clay
6.69,13.13,425.32,Peaty
8.72,15.08,394.22,Loamy
8.61,37.37,429.65,Silty
5.11,44.65,388.33,Loamy
8.68,16.6,276.08,Loamy
5.18,49.42,431.31,Sandy
7.11,45.71,181.57,Peaty
8.82,41.38,274.95,Loamy
6.6,22.74,434.74,Silty
5.45,32.4,338.52,Silty
5.68,45.09,73.14,Sandy
5.25,23.17,55.16,Clay
8.84,39.07,342.15,Silty
8.63,31.32,268.75,Peaty
5.93,30.23,379.41,Peaty
5.64,38.85,326.05,Peaty
7.91,14.98,72.81,Clay
8.18,44.4,131.95,Clay
7.51,36.45,357.47,Peaty
6.51,43.66,225.8,Silty
6.52,45.83,327.62,Clay
7.07,9.06,245.59,Peaty
5.61,21.51,150.44,Clay
8.22,14.99,308.63,Sandy
8.06,31.04,247.26,Clay
7.99,30.48,414.12,Clay
5.22,16.07,297.52,Silty
7.38,21.44,127.5,Loamy
7.15,30.86,64.18,Clay
4.66,12.57,168.87,Peaty
5.33,44.27,107.83,Sandy
5.14,43.06,179.43,Loamy
6.94,48.94,396.15,Silty
8.61,15.73,134.92,Silty
6.02,33.53,292.6,Silty
7.66,32.48,160.56,Clay
8.4,27.76,217.01,Silty
7.99,44.01,341.28,Clay
8.18,42.37,89.62,Loamy
8.86,40.88,303.69,Loamy
8.02,16.7,149.34,Silty
7.78,23.04,394.98,Silty
5.59,24.83,269.55,Silty
8.8,41.7,213.62,Peaty
6.85,27.11,198.14,Silty
7.24,33.8,239.28,Clay
6.41,45.52,358.74,Sandy
7.08,16.47,158.29,Sandy
8.43,29.7,301.51,Clay
5.99,16.02,247.04,Silty
6.79,30.63,141.72,Clay
6.66,25.06,374.11,Sandy
5.54,34.58,325.68,Peaty
6.01,24.51,293.1,Sandy
6.09,21.1,166.22,Clay
5.91,29.03,229.65,Sandy
6.38,8.16,50.11,Peaty
5.21,37.25,119.15,Peaty
8.19,27.58,432.56,Sandy
8.26,39.35,314.56,Clay
5.54,44.32,350.27,Loamy
6.51,33.56,220.79,Silty
7.41,48.14,118.0,Clay
8.7,42.78,64.46,Peaty
5.71,26.26,316.74,Sandy
4.63,21.15,105.85,Sandy
4.6,29.36,157.78,Sandy
8.68,18.06,429.12,Clay
8.56,25.64,139.91,Clay
5.74,8.05,235.2,Loamy
8.47,45.98,239.59,Loamy
4.57,27.86,284.16,Clay
6.04,48.17,444.99,Sandy
6.22,30.1,433.0,Peaty
5.04,15.63,424.04,Silty
8.62,16.42,151.9,Sandy
8.34,39.66,297.03,Peaty
8.09,42.85,111.55,Silty
5.79,38.36,264.98,Sandy
6.48,8.65,312.82,Clay
6.97,23.97,188.71,Silty
5.7,42.5,164.74,Silty
7.48,45.12,434.29,Peaty
5.54,13.55,65.64,Sandy
8.13,48.35,374.47,Loamy
7.52,28.28,167.88,Loamy
5.55,24.67,341.22,Peaty
8.08,22.59,233.97,Clay
7.56,9.87,431.99,Clay
5.51,39.1,180.65,Peaty
7.68,19.16,179.76,Loamy
6.56,28.57,371.65,Loamy
5.11,48.7,231.17,Peaty
6.22,40.25,50.55,Sandy
6.36,25.51,353.7,Peaty
6.51,48.89,319.3,Peaty
7.3,42.69,367.13,Peaty
4.65,16.26,132.4,Loamy
5.59,18.82,335.96,Sandy
8.39,18.59,337.86,Loamy
5.92,10.38,120.34,Loamy
7.27,17.68,293.78,Sandy
8.6,9.98,148.48,Clay
7.15,36.25,154.23,Peaty
6.54,23.75,56.69,Clay
7.66,20.23,293.29,Silty
6.41,27.13,329.42,Silty
6.97,35.36,310.51,Peaty
7.45,27.8,67.02,Clay
8.73,49.5,424.34,Silty
6.74,11.03,149.6,Sandy
8.8,8.14,343.38,Peaty
7.73,18.16,344.22,Loamy
8.91,34.37,77.67,Clay
5.45,9.1,389.04,Clay
7.89,26.83,170.3,Peaty
6.65,22.63,169.89,Silty
8.66,28.05,195.61,Sandy
5.45,35.97,139.22,Peaty
6.96,15.78,239.93,Silty
5.23,22.85,335.98,Loamy
7.53,12.39,115.58,Peaty
7.72,44.64,174.56,Loamy
7.06,5.85,148.19,Peaty
8.6,13.58,256.61,Loamy
8.95,30.16,91.14,Sandy
7.73,18.15,415.12,Peaty
6.88,17.47,166.03,Sandy
6.62,15.15,391.84,Sandy
6.6,28.33,205.86,Peaty
8.08,23.42,106.81,Silty
5.59,21.33,383.1,Loamy
5.77,47.69,328.19,Sandy
7.61,48.09,178.06,Silty
5.81,32.3,399.46,Peaty
7.56,5.4,311.29,Peaty
5.44,11.59,377.27,Peaty
5.32,39.65,58.78,Loamy
8.08,37.57,388.15,Clay
8.43,18.67,282.35,Clay
5.92,10.1,100.37,Loamy
4.86,38.69,167.72,Sandy
7.98,33.35,67.7,Silty
7.17,9.93,377.98,Loamy
5.4,31.87,314.19,Sandy
5.75,14.31,134.74,Peaty
5.31,14.94,145.26,Loamy
7.5,13.94,171.17,Silty
6.23,35.32,226.36,Sandy
7.99,17.46,402.11,Clay
4.91,44.8,264.97,Sandy
7.04,42.71,337.15,Clay
6.39,38.38,355.55,Peaty
6.22,45.15,307.45,Peaty
5.16,49.63,305.82,Peaty
6.75,31.5,202.37,Peaty
5.49,17.13,353.48,Peaty
4.67,32.34,132.81,Sandy
6.9,42.09,89.11,Sandy
6.37,21.56,300.01,Clay
6.71,32.75,361.96,Peaty
5.81,23.75,250.34,Silty
8.11,7.37,305.09,Silty
7.74,46.97,199.97,Peaty
5.34,30.82,261.95,Clay
5.22,37.79,62.94,Loamy
5.42,47.78,404.91,Silty
7.08,19.28,361.69,Peaty
8.01,38.58,249.05,Clay
8.54,16.64,242.89,Sandy
7.57,22.63,363.4,Sandy
6.8,44.65,127.33,Loamy
6.64,38.09,107.94,Sandy
5.66,10.54,240.76,Loamy
8.56,44.55,438.25,Sandy
6.01,6.55,178.56,Peaty
6.38,44.94,264.79,Peaty
8.66,38.93,225.21,Loamy
5.73,28.78,85.42,Silty
8.3,33.09,379.78,Clay
8.14,35.37,156.1,Clay
6.35,11.25,86.43,Silty
8.11,30.67,386.2,Sandy
6.98,28.4,197.1,Loamy
8.55,42.11,248.46,Sandy
5.13,19.19,141.43,Clay
5.95,39.93,362.78,Clay
7.11,31.52,305.79,Silty
5.35,31.36,330.21,Peaty
8.23,6.74,386.78,Clay
5.1,13.41,96.61,Peaty
4.93,21.13,443.38,Loamy
6.59,21.14,169.94,Silty
5.22,33.88,437.92,Silty
6.33,23.01,374.87,Clay
8.26,39.84,432.32,Silty
6.31,13.04,390.62,Silty
6.77,41.57,386.7,Sandy
5.1,13.79,330.11,Loamy
7.78,40.55,141.79,Loamy
7.55,10.44,272.72,Loamy
6.06,7.39,207.21,Sandy
8.71,47.08,162.07,Clay
6.37,22.14,120.26,Peaty
5.61,24.79,79.23,Clay
8.46,10.85,199.9,Loamy
6.14,11.48,413.25,Sandy
5.49,16.19,271.13,Sandy
8.6,42.91,216.94,Loamy
8.41,29.06,265.48,Clay
8.67,12.29,311.76,Clay
6.8,35.68,103.64,Sandy
7.29,45.47,444.04,Clay
4.88,20.89,425.05,Clay
8.84,9.12,415.72,Silty
5.02,31.13,148.7,Peaty
8.94,30.36,355.47,Clay
7.33,46.94,279.06,Peaty
6.03,32.56,301.54,Loamy
4.59,17.28,357.23,Loamy
5.76,8.76,151.29,Sandy
4.97,7.69,216.17,Silty
8.0,45.28,174.14,Loamy
7.37,12.91,222.41,Peaty
8.46,7.95,105.13,Loamy
5.9,30.4,79.49,Sandy
5.63,19.37,115.41,Silty
6.35,32.01,428.56,Loamy
6.86,11.98,428.86,Sandy
5.66,36.19,106.53,Sandy
6.99,34.73,69.6,Sandy
5.02,13.82,306.99,Sandy
6.73,29.09,440.43,Loamy
6.14,46.28,353.19,Loamy
8.5,15.38,173.78,Clay
6.31,47.79,220.26,Loamy
6.48,48.69,439.27,Silty
5.12,39.16,439.96,Loamy
7.36,26.42,340.0,Loamy
7.04,41.88,103.36,Clay
8.73,36.33,146.85,Sandy
7.65,24.51,406.68,Clay
8.58,10.43,437.34,Clay
8.55,42.13,104.17,Loamy
5.17,42.38,120.97,Peaty
7.15,38.35,299.45,Loamy
6.9,35.73,92.44,Sandy
8.15,25.96,340.16,Clay
6.83,23.86,121.11,Sandy
6.97,31.13,390.93,Loamy
6.69,40.17,148.5,Loamy
8.06,6.12,334.76,Silty
7.48,14.19,53.02,Loamy
8.7,22.66,391.92,Silty
7.7,14.46,371.21,Sandy
7.85,10.16,212.41,Peaty
6.31,21.48,105.82,Peaty
7.43,46.48,366.65,Loamy
8.39,16.21,206.03,Peaty
7.17,22.61,106.08,Sandy
8.13,19.79,401.81,Silty
7.87,38.7,371.58,Clay
5.42,21.37,443.64,Clay
5.73,36.3,443.04,Loamy
8.38,22.05,237.07,Sandy
6.33,14.65,121.11,Loamy
8.17,36.17,73.3,Loamy
7.27,18.2,125.52,Silty
7.5,32.17,292.21,Loamy
8.72,12.0,243.02,Loamy
5.05,14.44,263.09,Sandy
5.91,14.3,88.27,Loamy
7.9,33.86,360.4,Clay
6.63,26.55,433.8,Sandy
6.22,9.9,181.26,Clay
5.14,6.45,173.25,Silty
8.06,5.36,237.75,Clay
7.99,17.43,281.81,Loamy
6.45,35.88,256.22,Silty
8.66,32.4,391.42,Peaty
8.1,42.32,178.95,Peaty
6.82,47.08,366.79,Silty
5.97,43.72,268.04,Clay
7.35,6.08,137.55,Silty
6.7,18.41,60.71,Peaty
7.53,25.32,329.52,Loamy
8.77,24.15,345.27,Silty
5.21,18.12,381.82,Silty
4.73,35.92,108.65,Peaty
5.51,9.31,367.69,Peaty
8.38,21.12,331.48,Peaty
5.51,20.98,246.68,Sandy
7.83,27.1,211.04,Clay
7.88,8.73,189.7,Clay
8.66,42.61,301.6,Silty
8.19,45.18,393.68,Clay
8.94,22.52,352.49,Sandy
8.74,10.77,297.57,Loamy
6.13,33.7,59.87,Sandy
7.78,7.89,425.95,Silty
6.41,43.5,74.0,Sandy
6.1,30.68,156.52,Peaty
8.86,16.45,265.05,Clay
7.88,27.55,303.49,Sandy
7.32,42.05,118.53,Sandy
4.8,38.21,289.11,Silty
5.88,46.51,445.63,Silty
4.72,41.79,262.56,Silty
8.38,41.82,297.29,Clay
8.23,18.66,308.65,Silty
7.7,33.44,391.56,Clay
8.87,33.91,160.33,Silty
6.17,13.37,120.96,Sandy
5.58,31.83,232.02,Sandy
7.97,44.43,332.2,Sandy
6.02,44.39,63.59,Peaty
5.16,29.42,145.08,Sandy
8.39,25.14,245.85,Loamy
5.37,10.35,295.17,Loamy
7.09,27.61,411.01,Clay
8.01,18.79,202.45,Silty
7.47,47.2,222.26,Loamy
6.06,24.98,184.98,Clay
7.99,44.98,223.84,Clay
4.9,45.72,392.46,Clay
5.95,15.91,201.25,Loamy
8.41,24.98,447.72,Loamy
6.82,46.97,313.24,Silty
7.69,46.84,339.41,Loamy
5.26,20.46,360.39,Sandy
8.8,9.58,385.17,Peaty
8.75,9.89,84.59,Sandy
5.26,9.22,284.62,Sandy
5.28,22.63,353.17,Peaty
4.68,32.31,348.43,Peaty
8.88,33.04,266.69,Peaty
8.51,47.15,274.79,Peaty
8.65,26.42,276.1,Silty
4.78,48.14,153.01,Peaty
6.04,20.52,373.04,Silty
6.17,43.38,122.71,Silty
6.52,6.01,182.62,Peaty
7.2,27.83,380.86,Peaty
7.12,28.63,365.86,Peaty
6.5,47.64,95.65,Clay
6.48,24.45,101.26,Sandy
7.11,40.17,94.52,Silty
7.22,18.61,266.92,Loamy
7.71,28.02,383.3,Silty
8.82,20.93,219.44,Silty
7.52,45.5,65.02,Silty
8.36,40.87,192.11,Clay
6.21,18.22,231.89,Loamy
7.53,5.39,127.97,Peaty
8.81,19.18,56.89,Sandy
7.6,21.32,230.34,Peaty
4.62,10.28,136.5,Loamy
8.48,11.75,347.32,Sandy
5.19,43.04,286.2,Silty
5.48,48.97,158.9,Loamy
5.23,22.04,313.78,Loamy
5.08,22.86,113.12,Peaty
8.31,5.13,87.23,Sandy
5.73,9.41,269.73,Silty
6.66,21.34,174.69,Loamy
7.71,7.73,98.53,Silty
6.68,29.22,223.91,Peaty
8.6,45.74,195.85,Sandy
8.04,35.8,299.51,Loamy
6.16,48.61,242.73,Silty
5.26,5.33,441.43,Silty
4.5,44.12,436.63,Clay
7.2,31.25,181.09,Sandy
8.16,32.5,126.72,Peaty
8.36,28.16,435.49,Clay
7.91,10.22,416.3,Loamy
5.04,15.66,172.91,Sandy
5.3,26.91,83.17,Loamy
6.73,15.38,437.73,Peaty
6.98,6.35,191.66,Clay
8.94,28.01,123.36,Peaty
6.67,22.76,68.92,Peaty
7.3,47.44,213.17,Silty
4.94,38.13,360.68,Sandy
8.32,39.81,130.97,Loamy
8.44,17.78,359.2,Clay
5.62,26.34,106.27,Clay
5.41,31.78,298.81,Loamy
7.67,42.4,113.64,Silty
8.03,39.41,375.46,Sandy
6.57,32.14,93.06,Clay
5.77,9.51,65.03,Clay
5.15,43.21,95.42,Loamy
7.23,35.54,404.34,Loamy
5.08,24.71,415.82,Clay
6.89,40.09,61.08,Peaty
5.09,32.37,141.47,Peaty
7.61,29.02,251.53,Clay
8.11,22.15,276.14,Clay
8.67,42.59,222.66,Clay
7.19,37.67,74.62,Peaty
4.72,38.27,173.74,Silty
6.56,24.57,54.67,Loamy
8.42,27.48,136.92,Loamy
5.53,8.6,424.62,Peaty
7.45,19.48,335.31,Sandy
8.93,27.45,247.64,Silty
4.77,37.78,147.17,Peaty
6.75,31.21,431.82,Peaty
7.85,17.65,352.91,Sandy
7.77,20.67,295.73,Peaty
7.04,8.66,168.0,Silty
7.76,25.08,132.19,Silty
5.08,18.85,170.49,Peaty
5.47,18.37,305.06,Clay
6.23,24.81,372.06,Peaty
5.01,45.0,308.83,Silty
4.61,38.36,115.6,Sandy
7.59,24.78,167.76,Clay
5.52,44.06,187.34,Loamy
7.71,30.66,56.85,Sandy
6.72,22.25,444.11,Loamy
5.53,11.0,128.04,Clay
7.81,27.24,370.75,Sandy
5.99,46.89,81.2,Sandy
7.53,32.31,405.18,Silty
5.34,26.32,295.68,Loamy
6.71,40.14,196.47,Clay
8.89,8.43,66.85,Silty
5.99,11.39,436.77,Sandy
8.11,8.28,107.95,Loamy
4.6,41.75,310.98,Sandy
8.0,6.36,376.74,Silty
8.99,47.87,435.53,Loamy
6.2,31.96,253.21,Peaty
5.26,18.97,411.29,Peaty
5.55,13.35,76.59,Peaty
8.05,44.47,380.96,Peaty
7.93,37.21,355.46,Silty
8.64,23.19,120.47,Sandy
7.57,5.31,149.99,Silty
4.59,45.8,280.75,Sandy
8.85,11.57,430.92,Silty
7.02,21.31,295.41,Sandy
5.8,5.83,108.36,Loamy
5.34,10.24,225.17,Peaty
7.68,47.17,374.32,Loamy
4.93,32.05,238.39,Clay
7.26,12.87,255.37,Loamy
5.28,10.73,121.17,Peaty
5.9,40.15,340.61,Loamy
6.97,40.05,340.44,Silty
7.01,17.99,196.42,Peaty
6.9,37.18,336.47,Silty
8.38,21.18,69.77,Peaty
5.67,33.77,353.93,Silty
4.7,14.63,447.89,Silty
6.83,13.48,173.63,Sandy
5.89,20.86,199.31,Peaty
4.74,47.41,319.74,Peaty
5.94,24.4,207.86,Clay
6.68,34.81,227.95,Clay
8.05,18.21,323.14,Sandy
6.35,21.56,158.9,Silty
5.71,15.74,361.79,Clay
8.55,48.6,168.76,Silty
7.74,31.76,424.78,Loamy
4.84,38.16,362.79,Peaty
7.72,26.33,421.04,Loamy
4.9,31.62,252.05,Silty
9.0,45.25,80.59,Silty
4.65,36.18,175.5,Clay
8.11,28.84,192.86,Peaty
5.31,22.6,264.41,Clay
5.16,11.01,80.1,Clay
6.95,39.23,431.19,Loamy
7.15,24.01,147.27,Peaty
7.18,23.85,333.0,Sandy
8.0,10.25,312.38,Clay
7.47,7.46,136.72,Silty
8.94,12.05,281.33,Loamy
8.74,12.01,409.09,Silty
5.68,27.51,112.33,Sandy
7.31,35.9,414.02,Silty
6.29,16.9,360.91,Peaty
5.45,19.02,58.77,Loamy
5.73,47.85,148.08,Silty
8.17,8.63,295.05,Sandy
7.97,16.72,84.57,Sandy
8.35,20.05,317.16,Silty
8.93,43.53,159.36,Silty
6.4,7.5,240.38,Clay
7.61,27.97,420.14,Peaty
6.29,45.99,249.85,Loamy
6.08,16.39,395.57,Peaty
4.98,21.42,412.6,Silty
6.99,26.32,62.4,Sandy
6.38,42.76,322.05,Clay
6.76,22.29,172.97,Loamy
5.87,14.62,83.41,Silty
4.62,28.64,171.85,Silty
7.05,14.99,92.1,Loamy
9.0,34.1,285.87,Peaty
7.73,21.65,80.46,Silty
5.19,30.41,269.31,Sandy
6.59,43.79,228.95,Silty
6.91,34.27,429.17,Peaty
6.45,30.09,106.24,Silty
4.7,15.53,356.94,Sandy
7.9,47.42,222.24,Peaty
7.12,38.81,90.36,Loamy
6.95,48.74,335.38,Clay
5.03,42.86,340.78,Clay
6.72,6.33,229.36,Silty
8.36,31.46,308.04,Silty
5.86,5.11,127.08,Loamy
5.04,33.46,106.36,Loamy
6.48,33.04,200.66,Peaty
6.27,22.73,135.84,Loamy
6.71,6.63,392.23,Clay
5.96,27.95,239.65,Silty
8.56,17.34,143.56,Clay
6.48,5.08,333.5,Loamy
7.93,25.57,244.91,Peaty
6.09,32.83,333.64,Silty
5.25,46.18,333.48,Silty
6.06,31.02,288.98,Silty
5.25,6.47,280.47,Silty
7.07,25.34,269.0,Loamy
8.55,43.82,135.65,Sandy
5.18,7.35,151.26,Peaty
4.7,26.05,437.21,Silty
5.63,26.36,262.6,Silty
7.37,14.91,217.97,Loamy
5.0,42.26,413.72,Sandy
7.68,36.42,179.13,Silty
8.35,5.24,197.51,Clay
4.74,10.14,264.42,Clay
5.25,16.13,199.83,Peaty
8.06,10.83,209.44,Clay
6.26,20.65,149.77,Peaty
8.84,49.91,96.06,Sandy
8.57,42.81,205.33,Peaty
6.26,36.69,75.74,Peaty
5.48,7.08,113.9,Clay
5.59,6.82,54.33,Loamy
7.17,20.21,154.76,Peaty
6.15,37.59,363.22,Sandy
5.97,14.24,107.54,Silty
4.75,12.09,331.54,Clay
6.27,16.23,187.58,Silty
4.55,32.14,113.65,Silty
7.72,17.83,417.64,Sandy
7.32,27.72,311.64,Silty
5.93,34.69,104.72,Clay
8.51,6.63,101.28,Sandy
8.55,7.16,322.24,Loamy
5.58,32.85,235.33,Peaty
7.52,18.58,361.94,Sandy
5.57,11.44,155.44,Silty
6.5,28.17,255.04,Peaty
7.52,26.27,96.37,Loamy
5.34,47.42,251.42,Sandy
6.52,28.89,332.9,Clay
7.47,17.09,184.16,Peaty
5.86,29.29,108.94,Loamy
6.54,11.46,416.85,Clay
7.78,5.45,264.44,Loamy
6.38,37.56,245.88,Silty
8.85,27.92,198.97,Silty
6.14,16.49,440.22,Silty
4.53,22.44,284.74,Sandy
6.73,42.5,235.7,Peaty
7.22,22.32,314.78,Silty
5.15,7.96,299.27,Loamy
7.2,11.54,195.34,Silty
7.99,16.2,183.74,Silty
8.93,36.38,422.99,Loamy
5.83,41.56,223.93,Peaty
8.27,18.52,349.46,Peaty
5.33,41.59,169.13,Clay
8.48,12.27,404.4,Clay
7.15,24.5,339.63,Loamy
4.52,14.43,397.06,Peaty
5.57,10.86,388.32,Silty
6.89,37.77,249.89,Loamy
7.45,22.88,278.13,Clay
6.71,28.95,230.01,Loamy
6.24,39.36,252.75,Sandy
8.09,46.31,421.13,Silty
8.46,15.23,91.16,Clay
8.64,40.4,365.84,Sandy
8.52,9.27,58.74,Clay
5.58,21.79,105.08,Loamy
8.15,19.19,110.35,Sandy
8.16,45.67,362.52,Loamy
7.04,20.53,63.25,Silty
7.84,8.33,398.21,Silty
8.73,14.04,260.37,Loamy
7.05,10.55,279.79,Clay
7.21,22.94,214.83,Clay
6.24,18.47,224.4,Sandy
8.64,26.2,240.57,Peaty
6.38,48.6,416.75,Clay
8.06,32.7,233.92,Clay
6.77,25.82,353.31,Peaty
7.03,5.98,84.83,Silty
5.14,29.6,299.37,Silty
8.89,19.1,443.17,Silty
6.4,33.4,55.79,Silty
4.88,49.81,284.62,Clay
7.52,18.12,441.17,Sandy
4.51,28.53,92.91,Sandy
5.36,8.92,437.86,Sandy
8.47,6.22,75.66,Clay
8.09,21.14,211.94,Peaty
4.72,42.16,172.94,Silty
5.68,22.62,189.46,Sandy
4.71,14.78,75.1,Clay
6.54,23.34,375.41,Loamy
5.76,23.52,258.2,Clay
8.14,8.62,444.28,Clay
5.06,19.28,91.47,Clay
8.07,45.82,118.66,Loamy
7.0,43.45,69.81,Loamy
5.72,17.99,264.22,Silty
8.38,16.02,101.29,Loamy
8.83,34.9,334.91,Sandy
7.5,48.51,272.27,Sandy
6.49,24.13,268.0,Silty
6.05,49.16,166.13,Sandy
4.6,38.98,269.14,Loamy
5.69,26.2,428.14,Sandy
5.27,38.56,380.89,Loamy
6.29,37.09,231.34,Peaty
8.99,33.98,277.24,Silty
6.33,7.85,207.16,Sandy
8.33,49.34,92.26,Clay
8.71,14.21,365.81,Sandy
6.97,47.65,423.87,Sandy
4.74,39.92,63.32,Loamy
7.44,23.56,57.58,Peaty
8.53,13.33,399.31,Loamy
8.3,14.37,233.31,Sandy
7.13,28.39,375.33,Peaty
7.45,22.5,370.69,Loamy
8.37,19.89,432.99,Clay
6.32,15.86,339.55,Silty
8.52,19.98,144.76,Clay
6.88,33.17,153.64,Clay
4.71,19.78,441.99,Sandy
7.01,12.93,204.25,Sandy
4.55,6.26,112.9,Sandy
7.0,46.0,190.63,Sandy
4.72,36.51,334.84,Sandy
5.29,40.72,444.41,Clay
7.67,49.82,228.47,Loamy
6.79,23.71,415.45,Clay
5.08,38.96,309.86,Sandy
5.23,19.77,151.38,Silty
5.72,22.77,76.37,Silty
5.05,31.08,361.34,Sandy
4.73,44.65,229.71,Loamy
8.68,33.63,355.42,Sandy
8.05,6.9,392.38,Clay
7.91,15.68,66.43,Sandy
7.49,24.8,409.92,Clay
4.89,35.4,61.2,Clay
8.08,48.86,254.8,Sandy
6.87,38.89,397.42,Loamy
7.92,22.31,350.36,Silty
7.3,10.21,191.55,Sandy
7.17,48.65,316.0,Peaty
8.85,26.41,332.74,Silty
8.82,14.39,426.21,Silty
4.89,27.55,427.8,Clay
8.93,29.78,359.09,Loamy
8.15,36.92,362.67,Peaty
5.23,9.41,328.36,Sandy
5.75,19.52,389.44,Peaty
8.12,24.29,420.63,Peaty
7.4,25.8,98.57,Peaty
8.43,38.22,420.95,Clay
5.8,39.45,253.05,Sandy
7.66,26.9,305.81,Silty
6.23,26.93,123.21,Silty
5.08,23.76,185.74,Sandy
8.98,36.51,130.65,Loamy
8.7,18.87,266.43,Silty
5.22,46.6,333.35,Sandy
6.11,5.14,323.63,Silty
4.66,46.62,142.83,Peaty
6.92,18.82,53.91,Sandy
8.65,6.13,320.39,Peaty
6.75,23.94,277.74,Loamy
8.08,48.09,436.12,Clay
4.54,27.45,332.17,Peaty
7.39,9.46,435.4,Sandy
6.66,7.61,344.61,Peaty
5.1,36.01,304.84,Loamy
8.46,33.74,123.48,Sandy
5.93,34.0,288.03,Silty
7.01,6.94,367.77,Silty
7.36,36.08,415.07,Sandy
5.81,40.0,448.91,Peaty
7.89,37.4,74.85,Clay
8.94,49.13,54.51,Silty
8.43,45.51,158.85,Clay
8.13,15.2,271.77,Peaty
4.93,20.33,61.1,Sandy
6.48,9.01,398.11,Sandy
7.04,13.87,161.95,Silty
4.53,15.29,372.48,Peaty
8.47,45.33,100.51,Loamy
4.75,37.62,332.23,Peaty
7.12,20.54,193.88,Silty
8.35,34.53,266.76,Peaty
6.82,15.12,321.57,Sandy
8.5,7.87,279.22,Clay
6.26,43.4,432.59,Peaty
5.29,31.62,366.8,Loamy
7.98,7.11,429.74,Clay
5.05,34.0,224.12,Silty
8.64,32.12,53.9,Loamy
5.6,21.35,393.47,Peaty
4.54,37.48,401.12,Sandy
4.72,6.71,226.58,Loamy
7.67,39.74,405.11,Clay
7.27,35.31,197.98,Loamy
4.69,24.18,371.06,Clay
4.8,31.23,189.16,Loamy
5.65,21.89,114.97,Clay
5.96,16.04,102.85,Silty
5.36,36.27,169.76,Sandy
8.88,5.73,191.56,Sandy
4.99,47.76,303.58,Sandy
8.4,31.06,185.8,Silty
8.94,36.68,90.97,Peaty
4.64,34.6,310.57,Loamy
5.91,25.14,278.14,Silty
4.6,8.4,133.82,Clay
4.55,14.49,121.71,Clay
8.27,48.82,364.21,Silty
8.57,29.02,258.22,Silty
5.55,18.0,236.32,Sandy
4.6,40.89,128.29,Silty
5.84,39.74,410.61,Clay
7.12,38.95,434.94,Sandy
6.14,37.75,56.37,Loamy
7.8,12.37,207.44,Sandy
8.44,29.12,97.18,Silty
6.25,27.11,57.89,Silty
8.28,26.5,126.74,Clay
5.39,32.2,193.45,Peaty
4.97,15.41,90.23,Sandy
6.42,32.07,388.6,Loamy
6.3,16.04,218.97,Peaty
8.89,9.85,259.43,Peaty
5.63,5.67,208.85,Silty
7.51,23.91,367.84,Sandy
7.54,31.78,401.73,Sandy
8.71,16.52,383.95,Loamy
7.94,28.38,170.24,Loamy
4.99,9.46,136.98,Silty
5.6,26.89,180.48,Sandy
8.0,10.29,86.64,Peaty
5.61,48.72,245.45,Silty
7.9,20.52,157.41,Clay
4.63,32.01,81.79,Peaty
8.5,26.18,358.56,Loamy
5.25,44.45,427.05,Clay
5.55,34.96,70.1,Peaty
7.29,30.78,162.46,Silty
7.19,6.72,315.62,Loamy
7.09,23.68,165.5,Clay
5.05,15.83,120.2,Peaty
8.95,47.23,376.9,Silty
5.94,14.39,439.83,Peaty
7.56,47.54,263.76,Sandy
7.03,49.52,211.86,Loamy
4.79,39.57,151.07,Clay
7.07,47.49,308.1,Clay
4.76,43.1,239.6,Clay
7.83,27.11,184.03,Clay
5.27,34.55,207.36,Clay
4.92,13.92,378.12,Peaty
6.89,7.75,137.43,Loamy
8.31,23.56,261.66,Loamy
8.41,17.27,256.17,Loamy
6.09,20.63,67.47,Clay
7.54,37.0,322.26,Silty
7.26,39.12,295.89,Peaty
7.11,10.98,355.76,Clay
6.28,30.1,100.91,Sandy
7.49,37.5,152.52,Silty
8.2,10.1,191.24,Silty
8.92,18.5,255.59,Loamy
6.73,9.29,198.09,Silty
7.48,16.71,342.44,Loamy
7.01,17.6,85.86,Sandy
8.39,29.39,88.17,Sandy
6.63,8.38,241.21,Loamy
8.87,11.49,378.67,Clay
6.07,22.46,94.38,Clay
6.44,42.31,223.57,Peaty
4.73,35.27,347.78,Loamy
6.14,45.66,201.74,Peaty
7.31,6.53,53.28,Peaty
8.74,18.93,213.22,Sandy
7.26,14.76,382.62,Silty
8.39,20.56,303.11,Silty
5.05,25.85,271.0,Loamy
8.35,41.9,408.57,Silty
6.04,14.71,190.21,Loamy
8.41,22.12,215.35,Peaty
7.14,31.5,292.54,Silty
5.4,22.81,103.54,Clay
8.44,6.36,137.18,Peaty
6.39,13.95,65.53,Clay
8.35,13.09,129.66,Silty
4.93,35.98,361.66,Silty
5.0,40.63,97.97,Silty
6.32,16.46,111.18,Peaty
8.2,6.28,69.88,Sandy
4.54,47.79,342.68,Clay
7.02,49.49,324.57,Clay
4.54,46.38,306.08,Loamy
6.07,13.78,417.11,Sandy
5.68,39.67,233.24,Sandy
8.64,29.7,128.25,Peaty
7.54,33.13,286.23,Peaty
7.16,20.29,391.56,Peaty
8.84,12.31,416.29,Silty
7.66,10.67,248.64,Clay
6.58,19.08,171.93,Peaty
7.18,19.19,163.19,Clay
4.8,14.09,55.34,Clay
8.66,10.35,176.73,Peaty
5.31,23.01,56.05,Silty
4.99,45.53,365.77,Clay
7.24,46.56,108.84,Loamy
5.03,48.42,384.95,Loamy
5.81,35.25,351.58,Silty
7.71,32.74,367.84,Sandy
7.86,19.5,163.21,Loamy
6.24,33.72,91.21,Silty
5.29,18.43,288.14,Sandy
5.5,36.07,202.07,Sandy
8.1,11.24,58.68,Silty
5.35,47.6,425.79,Silty
5.43,29.94,304.43,Silty
7.66,38.05,178.53,Peaty
6.38,42.54,79.28,Loamy
5.71,20.89,261.29,Sandy
8.88,23.23,278.02,Sandy
7.64,40.3,252.42,Silty
8.09,15.88,242.01,Sandy
6.57,20.61,389.61,Clay
8.2,9.59,314.52,Sandy
5.71,15.79,383.72,Sandy
5.3,40.33,363.54,Sandy
6.66,36.7,448.85,Peaty
5.26,31.08,436.66,Sandy
7.38,7.6,50.28,Sandy
4.95,29.72,396.59,Clay
7.32,25.5,237.43,Loamy
6.88,16.61,202.16,Silty
7.55,43.79,185.24,Peaty
7.16,10.44,219.77,Peaty
6.08,10.31,438.55,Loamy
6.54,18.64,107.23,Loamy
7.73,23.87,400.23,Sandy
5.31,12.49,226.79,Loamy
7.95,19.08,84.26,Sandy
8.24,29.62,185.19,Peaty
6.46,26.7,166.63,Loamy
7.43,32.25,365.91,Peaty
8.56,47.0,345.05,Loamy
7.56,26.29,219.7,Silty
4.71,28.59,239.77,Loamy
7.33,40.97,182.38,Sandy
8.7,33.04,334.7,Peaty
6.11,31.34,412.84,Loamy
6.36,10.1,145.65,Peaty
8.69,8.19,211.04,Silty
8.98,21.05,381.98,Peaty
6.03,12.89,329.85,Peaty
8.99,34.01,323.69,Peaty
6.41,39.1,197.92,Peaty
4.61,34.8,232.1,Peaty
4.89,47.23,220.47,Loamy
7.71,42.66,171.5,Silty
7.04,13.68,313.47,Peaty
6.52,48.4,220.71,Sandy
4.78,16.79,122.19,Sandy
6.78,29.3,179.05,Peaty
7.12,15.29,261.43,Silty
6.47,13.54,215.09,Clay
6.29,32.31,288.83,Silty
4.68,22.01,201.3,Peaty
6.65,25.85,295.34,Peaty
7.55,23.25,391.31,Silty
7.33,23.76,292.11,Loamy
6.63,18.96,126.11,Peaty
6.6,15.96,278.8,Silty
6.07,18.35,358.46,Loamy
8.15,37.81,394.99,Silty
7.66,24.22,336.78,Clay
8.58,14.12,87.5,Silty
8.14,36.85,438.46,Silty
8.81,18.94,419.93,Peaty
4.62,36.31,433.22,Sandy
4.59,5.45,293.9,Silty
4.76,19.91,405.55,Loamy
7.8,26.88,112.66,Peaty
6.82,35.27,409.24,Silty
7.11,8.57,293.76,Silty
8.46,35.32,127.85,Sandy
8.11,20.77,270.12,Loamy
7.25,39.26,355.56,Silty
4.76,36.72,144.98,Loamy
5.78,28.18,318.47,Peaty
7.22,28.41,271.84,Clay
5.5,16.5,112.46,Clay
7.09,20.08,372.82,Peaty
7.38,47.09,87.44,Loamy
6.12,14.74,202.97,Peaty
7.87,34.44,371.82,Silty
4.85,16.59,191.9,Loamy
8.47,9.72,326.69,Loamy
7.05,35.99,251.86,Loamy
7.03,28.99,77.07,Silty
6.57,45.85,337.39,Peaty
6.79,32.48,190.02,Peaty
7.53,25.53,84.4,Loamy
8.9,28.57,298.76,Silty
5.59,16.47,107.5,Peaty
5.47,33.11,232.85,Sandy
8.1,38.68,260.19,Sandy
7.92,17.77,361.19,Clay
8.65,46.62,182.45,Loamy
6.27,48.47,439.42,Sandy
5.59,19.61,389.16,Silty
5.95,33.76,403.23,Loamy
6.09,33.82,102.16,Silty
6.76,47.14,414.9,Peaty
6.52,12.72,151.22,Silty
5.66,6.76,442.29,Loamy
6.65,38.81,321.16,Peaty
8.55,15.52,92.75,Silty
7.38,25.61,332.48,Clay
4.7,10.33,99.1,Peaty
8.14,49.54,444.73,Loamy
6.8,41.03,353.19,Clay
8.56,14.55,176.63,Peaty
5.87,43.91,267.93,Silty
6.7,10.42,173.96,Silty
5.69,14.85,289.08,Clay
8.47,23.77,162.88,Loamy
7.88,26.62,399.89,Sandy
7.18,42.53,195.36,Sandy
7.92,24.77,140.55,Sandy
5.81,9.17,235.01,Sandy
7.09,27.18,137.75,Silty
7.28,18.54,95.8,Loamy
5.71,37.96,283.22,Silty
6.52,19.14,285.04,Sandy
4.51,42.89,358.99,Silty
4.8,28.1,137.67,Silty
5.67,30.23,357.89,Silty
7.4,17.23,251.81,Peaty
8.43,21.71,203.9,Loamy
7.85,5.5,123.99,Loamy
6.45,25.88,334.59,Silty
7.31,48.36,74.68,Clay
5.06,16.23,91.19,Clay
8.54,20.46,188.71,Loamy
5.53,24.28,410.19,Silty
4.9,35.88,261.71,Loamy
4.95,35.48,79.13,Silty
8.76,19.64,138.47,Clay
5.94,30.89,368.47,Loamy
7.44,20.05,104.54,Loamy
6.04,6.18,216.36,Silty
7.15,47.75,95.18,Sandy
7.76,43.38,349.59,Peaty
5.53,22.5,143.22,Loamy
7.65,42.75,184.69,Silty
5.55,35.41,401.15,Peaty
4.74,34.53,262.55,Sandy
5.67,48.39,287.85,Sandy
6.1,37.32,356.51,Clay
7.6,17.61,436.79,Sandy
8.44,46.13,95.79,Loamy
4.65,46.53,291.2,Silty
4.78,26.09,208.32,Clay
6.9,25.49,274.76,Silty
4.61,34.53,105.3,Peaty
6.04,31.9,246.37,Peaty
4.7,8.21,415.11,Silty
4.58,20.43,304.11,Silty
6.97,49.8,222.39,Silty
7.16,26.13,176.16,Peaty
7.52,7.92,191.54,Clay
6.5,49.65,95.82,Loamy
7.19,43.87,427.97,Loamy
4.82,49.27,64.12,Silty
5.21,19.12,337.98,Clay
8.34,33.25,346.46,Sandy
7.15,20.72,228.62,Peaty
4.62,44.65,249.54,Clay
8.66,5.31,381.68,Sandy
6.03,36.97,303.67,Silty
6.4,38.03,371.91,Silty
8.33,7.95,433.9,Peaty
6.43,9.76,91.89,Peaty
5.93,32.78,262.32,Loamy
4.63,40.42,321.76,Clay
5.76,42.06,357.86,Peaty
6.86,26.82,253.29,Clay
8.3,10.59,225.5,Loamy
5.95,17.91,329.25,Clay
5.45,16.38,363.44,Silty
6.51,20.68,317.98,Loamy
6.86,10.79,166.49,Loamy
6.24,15.15,376.74,Silty
7.6,34.22,155.92,Clay
6.1,26.29,52.79,Peaty
7.47,33.93,160.04,Peaty
7.4,6.69,163.08,Silty
8.96,48.7,432.45,Sandy
4.79,45.92,190.92,Clay
6.87,16.2,152.39,Silty
7.13,27.49,353.25,Loamy
6.24,43.36,277.32,Silty
6.71,11.79,200.33,Clay
6.12,35.89,252.94,Peaty
5.92,29.18,283.22,Peaty
8.04,13.95,424.16,Clay
6.35,20.9,428.41,Clay
5.39,49.61,87.1,Clay
6.52,36.96,245.1,Silty
5.83,45.87,350.28,Loamy
6.7,45.49,243.13,Clay
8.17,28.62,428.43,Silty
4.8,49.81,312.72,Peaty
7.47,18.95,405.37,Sandy
5.62,46.02,202.72,Peaty
8.02,40.14,408.15,Loamy
7.26,40.7,180.68,Sandy
8.26,15.34,244.05,Sandy
5.62,33.53,411.08,Sandy
7.99,27.15,215.06,Silty
4.81,32.21,307.8,Loamy
6.28,17.68,313.17,Loamy
7.08,41.21,393.26,Peaty
6.99,25.42,409.46,Clay
8.68,23.25,103.54,Peaty
6.78,28.51,388.37,Clay
4.76,26.3,363.96,Clay
7.26,9.69,196.69,Peaty
5.27,39.01,178.04,Loamy
5.51,27.44,55.42,Peaty
6.86,38.74,146.73,Peaty
4.86,15.26,427.73,Peaty
4.82,17.96,64.96,Peaty
7.65,16.82,174.75,Silty
4.81,32.8,139.14,Silty
5.78,32.81,118.75,Sandy
6.77,28.04,151.84,Peaty
5.28,9.82,293.47,Silty
8.39,18.44,278.59,Peaty
7.26,16.58,312.34,Peaty
5.54,20.37,357.28,Clay
5.55,6.11,443.69,Clay
8.0,39.34,255.36,Clay
8.31,42.6,389.74,Clay
7.12,31.8,312.95,Loamy
5.72,37.78,230.76,Loamy
5.54,29.75,424.33,Peaty
5.71,26.63,403.62,Peaty
6.47,41.5,419.45,Peaty
5.51,27.95,92.38,Silty
8.23,33.35,150.25,Peaty
7.41,31.95,87.76,Loamy
6.17,38.41,178.01,Loamy
8.82,24.56,76.54,Silty
4.82,8.26,210.51,Clay
4.89,7.61,302.11,Silty
6.99,10.59,71.86,Silty
4.75,5.79,415.2,Silty
4.91,32.49,381.98,Sandy
8.8,31.02,362.46,Clay
8.47,48.04,72.23,Silty
5.63,46.66,161.76,Sandy
5.57,7.8,371.15,Silty
7.43,14.71,329.6,Clay
5.42,32.41,369.32,Peaty
4.67,44.3,377.25,Silty
5.34,29.68,361.04,Peaty
7.3,27.75,92.58,Peaty
4.51,9.82,212.9,Clay
8.04,46.32,182.84,Silty
4.87,41.92,230.82,Peaty
7.31,44.85,162.98,Clay
5.09,18.22,212.56,Clay
7.19,9.87,172.72,Clay
8.18,6.73,98.53,Sandy
7.01,27.67,296.88,Sandy
6.7,20.39,432.73,Clay
7.87,14.24,93.12,Sandy
4.64,29.07,180.96,Clay
5.79,17.85,311.38,Sandy
5.27,30.44,357.14,Silty
7.09,16.04,182.82,Sandy
4.76,8.29,429.95,Peaty
5.71,14.99,322.36,Loamy
6.75,7.62,332.31,Silty
7.8,23.46,120.27,Clay
5.94,15.73,433.79,Silty
5.83,6.49,73.82,Loamy
4.69,17.85,81.29,Loamy
8.58,20.85,127.12,Silty
5.07,16.56,418.83,Sandy
4.93,35.21,106.76,Peaty
5.81,24.59,346.23,Clay
7.52,27.19,413.51,Peaty
5.65,49.09,244.94,Clay
5.02,47.13,203.48,Sandy
4.56,11.65,65.66,Silty
6.65,8.43,197.84,Sandy
5.51,39.01,424.17,Clay
6.41,36.66,378.05,Silty
7.06,39.51,297.3,Peaty
5.64,25.35,287.58,Silty
8.65,42.62,126.78,Peaty
6.29,43.19,234.29,Silty
4.92,16.09,295.3,Silty
6.09,43.48,253.66,Loamy
8.46,29.29,100.72,Clay
6.96,39.81,52.11,Silty
6.85,24.01,276.49,Sandy
4.83,7.54,299.97,Sandy
6.0,11.12,331.12,Peaty
7.52,17.83,159.0,Silty
7.52,9.43,331.89,Loamy
6.55,34.24,305.96,Peaty
6.55,10.37,223.35,Loamy
8.23,41.77,312.96,Silty
4.75,11.11,146.59,Peaty
4.6,10.99,362.76,Clay
5.83,13.15,259.61,Loamy
8.83,13.57,199.6,Peaty
6.96,30.24,396.82,Silty
6.75,10.02,184.49,Silty
5.84,18.11,216.21,Silty
7.06,33.8,362.19,Clay
4.57,20.32,327.17,Loamy
8.01,22.7,300.34,Silty
5.54,11.63,104.37,Peaty
5.11,26.26,316.6,Peaty
4.55,49.87,205.17,Sandy
6.15,12.76,183.73,Silty
6.14,15.42,52.07,Silty
7.65,34.32,410.77,Clay
5.31,48.96,174.49,Silty
5.38,34.88,88.22,Clay
8.96,30.44,92.25,Sandy
5.34,31.96,67.58,Clay
5.47,37.19,95.72,Peaty
8.76,48.9,158.38,Clay
6.58,46.28,255.03,Peaty
5.35,21.51,197.6,Peaty
6.01,44.26,189.41,Peaty
6.59,14.54,324.25,Clay
6.24,11.26,233.63,Loamy
5.86,43.88,257.61,Loamy
6.09,11.59,253.04,Peaty
6.83,37.21,413.19,Peaty
8.54,24.75,398.74,Loamy
8.0,29.41,144.39,Silty
7.87,42.8,273.79,Silty
4.96,25.12,265.97,Silty
8.25,27.92,420.68,Loamy
5.78,40.29,130.79,Clay
5.58,29.95,85.64,Sandy
4.94,47.02,110.62,Clay
6.95,29.59,390.32,Loamy
6.11,15.18,191.11,Silty
6.22,11.23,241.02,Peaty
6.44,9.33,367.25,Loamy
8.96,25.82,184.31,Silty
6.7,20.94,424.34,Sandy
8.15,24.67,83.95,Peaty
8.29,18.17,217.74,Peaty
6.09,44.62,154.46,Silty
6.11,27.19,91.84,Loamy
8.69,31.23,276.2,Sandy
7.72,23.29,421.72,Peaty
6.7,46.04,330.34,Sandy
7.12,28.57,416.88,Clay
8.75,29.3,125.81,Sandy
6.79,26.2,290.72,Sandy
5.56,11.19,361.67,Loamy
4.93,33.47,231.8,Silty
5.32,29.93,190.35,Silty
5.03,40.85,285.02,Peaty
5.03,29.68,320.86,Silty
6.16,25.96,161.28,Clay
8.71,20.13,306.91,Clay
7.73,12.34,62.98,Silty
6.99,10.25,162.7,Sandy
8.83,5.41,293.97,Clay
8.13,22.09,438.88,Loamy
8.79,10.53,183.53,Sandy
6.65,5.71,157.2,Peaty
6.42,41.08,62.7,Peaty
6.37,42.92,306.39,Silty
7.57,45.9,169.64,Clay
6.69,7.37,52.21,Peaty
8.83,40.57,397.35,Clay
7.19,17.09,430.13,Silty
6.09,45.41,373.66,Clay
7.2,34.04,131.98,Loamy
5.78,33.8,243.22,Loamy
4.59,35.21,199.21,Loamy
7.68,37.28,161.54,Clay
6.98,41.46,175.71,Clay
7.88,44.75,193.9,Clay
8.61,30.09,207.98,Silty
7.46,49.17,118.27,Clay
5.51,23.66,58.7,Clay
5.27,18.11,277.18,Sandy
6.2,17.24,345.79,Loamy
6.16,30.95,415.55,Peaty
8.0,22.0,190.18,Loamy
5.1,41.15,188.03,Sandy
6.66,9.17,405.76,Loamy
7.97,30.78,253.3,Silty
7.32,24.36,109.91,Clay
8.51,33.15,385.15,Peaty
8.39,46.36,228.43,Peaty
7.9,49.01,440.05,Loamy
5.52,39.68,289.79,Silty
5.07,18.34,252.56,Sandy
5.19,19.26,111.76,Peaty
6.12,7.44,261.0,Peaty
4.8,49.0,132.02,Peaty
6.23,27.55,79.68,Peaty
5.42,32.33,97.88,Loamy
4.66,15.93,396.8,Loamy
8.19,9.66,382.97,Sandy
4.52,26.3,432.75,Silty
7.68,19.31,78.21,Sandy
6.89,28.1,133.24,Peaty
6.99,17.69,340.33,Peaty
5.71,42.31,281.89,Loamy
8.69,23.92,380.81,Sandy
8.13,37.16,187.74,Peaty
7.79,16.09,180.57,Loamy
4.83,17.8,143.37,Silty
5.02,30.37,226.51,Sandy
8.31,38.34,235.78,Peaty
6.67,28.54,271.42,Silty
7.86,22.05,192.96,Sandy
6.84,46.29,449.13,Loamy
8.55,6.39,237.7,Peaty
6.16,20.51,398.66,Clay
6.95,27.5,230.08,Loamy
5.3,43.57,322.74,Sandy
7.91,45.02,134.94,Silty
5.27,44.36,292.37,Loamy
8.43,44.67,192.25,Loamy
4.58,45.1,189.63,Silty
8.56,30.55,448.54,Silty
8.84,14.46,375.41,Silty
6.56,12.74,438.05,Peaty
8.93,21.84,214.86,Silty
5.02,45.51,428.79,Loamy
5.96,43.66,332.89,Peaty
7.7,44.19,91.99,Peaty
4.79,43.44,254.51,Loamy
7.14,18.58,50.62,Sandy
6.09,36.06,149.75,Silty
8.32,26.68,340.74,Peaty
5.54,42.64,185.41,Silty
5.96,27.21,122.71,Loamy
6.13,11.07,438.16,Loamy
6.56,49.37,391.49,Sandy
6.58,21.21,378.76,Peaty
4.98,48.56,399.81,Sandy
8.82,29.31,195.74,Loamy
6.97,30.71,314.38,Silty
5.14,31.33,59.57,Loamy
5.95,33.36,350.32,Silty
4.92,22.04,362.59,Sandy
4.64,7.23,185.29,Peaty
5.91,31.41,68.04,Silty
5.09,42.56,64.28,Silty
7.69,35.01,314.97,Loamy
6.04,18.35,106.73,Peaty
8.24,26.93,435.15,Peaty
8.78,14.16,290.33,Loamy
8.47,37.66,325.25,Silty
5.43,24.03,346.35,Peaty
7.84,22.58,65.05,Loamy
7.21,45.49,307.09,Clay
7.15,33.78,200.28,Loamy
7.58,36.01,220.57,Sandy
6.0,45.48,371.15,Clay
5.17,30.3,176.13,Sandy
6.68,12.11,156.41,Peaty
5.27,48.83,421.93,Clay
5.82,42.41,166.6,Silty
8.01,6.01,403.93,Sandy
7.32,24.48,218.19,Peaty
7.35,32.06,416.62,Silty
7.26,28.83,345.83,Clay
6.22,23.3,448.74,Silty
5.1,44.73,359.46,Silty
7.38,30.52,190.52,Silty
6.65,28.51,372.75,Peaty
4.92,14.54,166.96,Peaty
8.0,47.89,271.68,Clay
8.67,22.94,60.39,Peaty
4.64,12.07,322.87,Peaty
5.44,20.12,185.23,Peaty
6.94,25.04,77.56,Peaty
5.8,14.83,438.51,Loamy
6.08,16.88,194.09,Silty
8.25,43.83,265.67,Loamy
7.26,17.8,213.36,Clay
6.97,18.97,145.8,Loamy
5.76,19.23,432.18,Loamy
6.06,25.04,176.47,Clay
4.77,44.3,236.12,Loamy
5.79,44.18,320.8,Peaty
8.73,44.4,440.69,Silty
8.26,38.15,171.74,Sandy
8.28,42.58,163.98,Silty
6.74,19.93,350.65,Sandy
6.69,27.83,419.07,Loamy
8.01,26.5,271.29,Sandy
5.86,48.27,126.1,Silty
7.35,46.78,448.45,Loamy
8.95,7.1,187.25,Clay
6.85,39.87,251.99,Silty
5.8,40.41,55.15,Sandy
8.4,26.7,53.48,Silty
6.66,11.63,319.27,Sandy
8.59,49.31,377.24,Loamy
6.3,25.3,200.17,Loamy
7.69,12.35,199.78,Sandy
8.19,39.83,102.14,Silty
5.32,35.82,72.17,Silty
5.23,26.13,78.13,Loamy
8.78,38.75,257.42,Clay
4.93,46.06,419.84,Loamy
5.65,13.02,108.31,Peaty
8.97,38.77,77.08,Clay
7.29,7.84,283.75,Loamy
8.18,14.19,254.93,Sandy
6.37,33.65,172.98,Clay
6.28,20.15,422.8,Clay
5.48,38.58,96.15,Sandy
7.81,5.05,319.16,Silty
5.53,11.37,90.88,Sandy
4.99,47.48,233.05,Silty
8.4,41.46,226.4,Silty
8.35,18.75,324.86,Clay
4.89,21.69,120.8,Silty
7.04,19.13,445.3,Loamy
5.95,9.97,400.97,Silty
6.66,35.3,105.76,Sandy
8.71,49.62,329.16,Silty
6.13,5.05,138.61,Clay
8.74,49.22,435.55,Sandy
8.95,22.57,448.29,Clay
7.44,49.74,196.47,Loamy
5.68,28.63,364.52,Loamy
8.7,20.73,179.56,Peaty
7.27,44.6,377.18,Clay
7.36,22.85,387.62,Loamy
5.05,29.35,259.56,Loamy
7.28,23.56,360.36,Peaty
5.95,49.83,102.28,Clay
8.42,5.57,157.16,Silty
5.65,37.26,88.65,Peaty
8.15,15.64,419.67,Loamy
7.79,45.4,328.56,Loamy
7.13,47.47,328.87,Peaty
5.83,40.44,171.03,Sandy
8.56,21.26,195.56,Silty
7.61,45.58,428.51,Sandy
6.37,47.64,416.86,Clay
6.24,33.7,230.31,Clay
7.34,34.26,426.58,Sandy
5.92,40.39,240.43,Peaty
6.5,11.68,79.2,Peaty
6.28,26.92,208.85,Peaty
4.57,37.03,106.35,Sandy
8.21,40.93,66.46,Loamy
8.45,38.5,278.24,Silty
8.82,23.8,352.46,Clay
8.36,25.75,86.39,Sandy
6.43,19.05,359.54,Clay
7.57,28.12,106.3,Loamy
8.34,44.33,105.76,Clay
7.46,17.25,141.72,Silty
8.17,41.76,333.32,Loamy
6.32,18.48,400.47,Loamy
7.11,36.91,90.06,Peaty
5.2,39.59,234.21,Clay
6.12,43.16,312.06,Peaty
5.13,9.74,385.48,Peaty
6.33,14.54,288.18,Clay
8.07,28.99,170.49,Sandy
8.64,19.4,294.8,Peaty
6.15,41.09,240.66,Peaty
4.69,14.06,131.06,Silty
7.69,21.73,331.81,Loamy
8.46,26.98,272.12,Clay
7.83,32.13,302.91,Peaty
7.3,39.49,72.92,Clay
6.49,32.64,162.23,Loamy
7.56,39.35,398.06,Sandy
4.91,10.17,92.14,Silty
8.56,11.67,287.85,Loamy
7.43,11.34,66.03,Sandy
7.48,49.3,326.26,Silty
5.88,22.23,84.56,Clay
6.39,23.42,328.98,Clay
8.73,32.93,269.69,Peaty
8.07,24.96,97.48,Loamy
6.21,13.28,433.43,Sandy
8.42,11.61,203.55,Clay
6.04,43.18,392.74,Loamy
6.06,28.62,240.81,Loamy
7.63,11.35,236.32,Sandy
7.15,49.29,310.78,Silty
8.84,49.74,299.99,Loamy
8.81,27.16,308.71,Clay
8.62,29.53,273.8,Loamy
7.38,22.8,104.96,Peaty
4.76,46.21,70.73,Silty
4.92,26.08,90.24,Silty
5.88,31.38,114.57,Loamy
5.61,47.75,297.22,Sandy
7.55,38.38,343.39,Peaty
7.31,26.26,335.25,Sandy
8.71,36.18,229.13,Silty
7.44,36.82,383.06,Sandy
4.88,36.29,253.69,Silty
8.63,25.82,137.67,Clay
6.06,20.99,375.53,Silty
4.59,31.98,163.11,Loamy
5.63,42.4,345.81,Loamy
7.92,41.62,110.24,Peaty
5.19,18.58,293.64,Sandy
6.26,25.13,207.82,Sandy
6.5,45.14,423.33,Clay
7.6,5.99,103.76,Clay
5.78,7.91,367.72,Peaty
5.02,13.33,374.67,Silty
7.3,37.4,406.88,Silty
7.43,29.88,389.51,Clay
4.66,44.35,179.02,Silty
8.31,15.98,247.29,Peaty
8.92,47.09,102.31,Clay
4.94,13.91,162.53,Sandy
4.53,14.68,160.65,Peaty
8.86,24.0,351.43,Loamy
5.41,34.64,357.0,Silty
7.41,10.31,156.37,Loamy
8.66,8.48,242.65,Peaty
8.87,16.24,227.45,Loamy
7.7,22.38,188.91,Silty
6.89,17.42,85.78,Clay
8.49,7.03,106.98,Loamy
5.29,24.93,334.24,Clay
8.41,25.01,67.32,Sandy
7.85,49.18,105.45,Clay
7.08,9.38,303.66,Sandy
7.76,23.32,382.86,Clay
7.83,13.21,125.8,Sandy
8.58,26.9,200.42,Clay
4.92,42.62,116.41,Sandy
8.08,37.96,84.68,Silty
5.01,46.85,228.37,Clay
5.37,18.49,225.74,Sandy
5.03,47.8,241.55,Loamy
4.9,39.05,419.35,Silty
8.03,23.46,231.19,Loamy
6.21,37.71,236.73,Loamy
5.29,45.95,353.99,Peaty
7.08,46.73,390.32,Silty
8.22,46.93,62.08,Peaty
6.68,37.38,251.73,Clay
7.98,32.55,181.14,Clay
8.67,35.91,77.08,Silty
8.73,33.82,257.2,Loamy
8.93,40.37,221.91,Clay
5.23,39.33,443.82,Sandy
4.55,31.52,365.99,Peaty
7.81,42.06,389.01,Loamy
4.92,39.19,254.2,Peaty
5.0,37.84,58.3,Peaty
8.12,33.29,324.7,Sandy
6.99,44.92,189.25,Silty
7.07,13.32,112.55,Sandy
6.34,23.69,192.24,Peaty
7.73,31.27,77.43,Loamy
7.94,44.27,400.13,Clay
6.23,30.37,353.74,Loamy
5.69,44.51,323.64,Peaty
8.18,41.38,402.35,Sandy
7.83,42.57,271.76,Sandy
8.54,9.48,157.64,Peaty
4.85,46.62,227.68,Clay
8.02,42.26,236.96,Peaty
7.81,35.04,121.76,Loamy
7.02,41.26,174.28,Sandy
8.23,16.78,198.0,Sandy
6.84,29.35,159.92,Loamy
6.51,17.26,83.51,Loamy
8.75,12.1,366.69,Loamy
4.83,19.11,448.88,Clay
7.21,42.59,321.03,Silty
5.95,37.67,71.12,Peaty
7.41,35.4,191.95,Peaty
7.48,49.64,406.01,Clay
6.77,45.61,188.72,Silty
7.73,34.43,201.21,Loamy
8.82,44.01,250.76,Loamy
6.64,14.17,162.72,Clay
8.94,19.64,84.56,Peaty
8.68,7.54,315.74,Loamy
8.27,9.25,84.46,Clay
6.69,11.34,90.42,Sandy
4.72,32.67,308.89,Peaty
8.0,37.24,372.15,Loamy
7.38,30.05,401.98,Clay
7.18,30.63,100.94,Peaty
6.4,39.83,299.97,Clay
8.43,28.23,238.88,Clay
4.77,42.93,167.77,Loamy
7.92,30.85,435.5,Loamy
8.35,41.22,68.45,Peaty
6.67,30.72,88.75,Silty
5.09,11.41,182.76,Loamy
8.93,39.71,143.66,Sandy
7.62,28.95,218.16,Silty
8.47,16.54,65.22,Peaty
8.91,35.59,256.49,Sandy
7.73,39.6,363.65,Silty
7.33,43.76,443.32,Loamy
6.71,11.41,440.79,Silty
5.39,41.21,335.29,Loamy
7.05,24.58,245.36,Sandy
7.8,20.6,424.01,Loamy
5.15,28.12,200.78,Silty
7.36,16.49,134.87,Loamy
5.74,25.33,422.14,Loamy
4.62,30.82,267.51,Silty
7.78,41.38,115.73,Clay
7.78,19.77,436.1,Peaty
4.85,47.96,299.09,Sandy
7.81,30.92,383.9,Loamy
8.83,47.4,126.29,Clay
8.57,5.64,302.14,Sandy
5.73,24.38,319.14,Sandy
7.01,18.76,366.95,Silty
6.72,48.04,388.69,Sandy
8.16,29.56,97.36,Loamy
8.09,33.44,420.06,Loamy
5.44,43.71,152.43,Silty
7.04,12.23,273.0,Silty
8.09,6.32,140.17,Silty
7.32,8.15,114.08,Sandy
6.43,23.17,147.65,Clay
5.32,9.23,86.47,Silty
5.56,33.78,220.47,Peaty
7.23,42.67,230.14,Loamy
7.22,13.46,301.14,Peaty
6.22,17.68,121.53,Sandy
5.95,21.06,316.0,Loamy
5.76,44.67,294.28,Silty
6.83,39.5,426.31,Silty
7.03,9.46,343.35,Sandy
8.32,21.62,219.32,Silty
8.41,6.7,445.08,Loamy
8.42,7.11,153.72,Silty
7.07,10.96,387.56,Silty
6.12,9.1,314.71,Sandy
7.37,11.11,59.7,Loamy
5.27,28.66,242.6,Loamy
6.06,20.61,218.09,Clay
5.42,13.45,184.95,Peaty
8.12,26.17,361.2,Peaty
7.53,43.66,358.89,Peaty
8.78,20.24,418.47,Silty
7.39,8.88,359.99,Clay
5.26,28.65,52.59,Loamy
7.66,24.73,320.59,Loamy
6.88,11.1,205.66,Peaty
7.38,39.71,127.87,Clay
7.85,49.85,134.97,Loamy
5.81,30.44,90.58,Peaty
5.89,19.22,184.11,Loamy
7.06,37.77,179.67,Loamy
5.02,42.39,318.4,Peaty
7.05,30.01,327.33,Loamy
6.26,6.8,442.38,Clay
8.98,49.69,91.22,Clay
5.36,28.8,260.22,Silty
7.69,14.42,129.08,Sandy
8.8,27.8,383.68,Clay
5.72,42.2,314.94,Clay
7.77,33.38,375.94,Peaty
8.89,43.74,441.47,Sandy
5.47,43.62,245.11,Peaty
4.72,36.54,191.35,Peaty
6.57,11.49,161.25,Peaty
7.61,49.04,339.51,Sandy
7.94,16.72,133.82,Sandy
8.67,35.23,114.8,Silty
6.12,25.79,407.09,Loamy
5.67,22.28,147.34,Clay
8.24,12.34,63.61,Peaty
8.86,44.06,363.15,Silty
5.79,24.64,360.38,Silty
6.36,22.44,246.74,Sandy
7.23,16.74,100.22,Sandy
6.29,36.92,264.11,Silty
6.57,9.97,302.82,Loamy
5.39,17.93,238.71,Peaty
5.18,43.27,204.81,Sandy
8.33,6.31,240.86,Clay
7.13,46.43,135.48,Sandy
6.31,20.82,146.21,Sandy
4.88,21.58,245.89,Silty
5.74,44.33,284.09,Clay
4.86,47.74,75.18,Sandy
5.64,19.64,352.65,Clay
7.97,24.16,344.46,Peaty
6.48,47.01,399.43,Clay
8.65,29.52,143.22,Sandy
5.85,46.02,414.08,Loamy
5.8,28.35,198.06,Silty
8.24,22.58,243.95,Peaty
7.99,20.58,81.44,Clay
4.52,41.99,413.53,Clay
6.13,35.56,165.88,Sandy
4.76,24.95,335.92,Silty
6.64,33.33,192.12,Peaty
5.55,5.34,149.42,Loamy
6.05,17.53,300.25,Clay
5.07,18.94,376.08,Loamy
7.98,37.6,350.18,Clay
6.64,34.68,289.22,Loamy
6.42,28.82,404.44,Peaty
6.53,37.37,125.93,Clay
5.93,31.32,202.87,Sandy
8.66,36.4,426.23,Clay
8.42,46.73,198.71,Sandy
7.89,6.49,442.67,Sandy
6.26,19.73,426.09,Sandy
6.64,7.86,310.5,Clay
6.23,5.09,141.01,Sandy
5.97,10.97,153.49,Silty
8.47,47.22,218.4,Silty
6.14,35.83,327.04,Peaty
7.24,26.62,222.92,Sandy
8.27,46.35,293.8,Clay
8.29,34.49,261.43,Clay
7.3,31.22,186.01,Loamy
7.62,38.21,264.7,Loamy
5.26,25.9,448.65,Sandy
7.73,49.56,395.82,Loamy
4.64,37.52,237.6,Silty
8.32,5.45,192.24,Peaty
8.12,19.88,393.04,Peaty
5.4,23.93,159.47,Loamy
6.91,40.44,284.81,Clay
6.3,12.65,118.28,Silty
6.59,12.57,252.68,Clay
8.52,12.88,420.91,Silty
4.84,40.57,187.8,Loamy
7.14,24.52,386.23,Peaty
8.33,43.51,364.22,Sandy
7.06,20.32,326.46,Sandy
5.82,47.96,97.71,Sandy
5.12,21.89,108.76,Peaty
5.74,24.24,357.13,Clay
5.74,6.21,79.04,Sandy
5.59,14.32,218.93,Clay
4.81,24.92,367.65,Clay
8.9,16.79,216.78,Silty
7.19,36.77,78.57,Clay
5.76,42.38,307.33,Clay
5.11,37.0,58.47,Sandy
7.24,15.64,320.87,Loamy
6.37,33.73,414.57,Clay
7.15,49.14,234.78,Silty
7.18,22.1,414.54,Loamy
7.35,16.73,181.2,Clay
5.19,24.32,228.97,Sandy
5.63,29.45,145.67,Silty
7.19,42.92,374.3,Peaty
6.62,45.84,389.66,Sandy
7.71,15.67,218.43,Loamy
6.47,6.47,346.97,Sandy
6.52,31.11,431.86,Loamy
5.19,17.76,173.03,Loamy
7.56,25.84,155.83,Peaty
4.59,17.26,420.67,Loamy
5.96,30.65,252.12,Peaty
7.04,35.72,419.49,Sandy
7.61,11.03,138.5,Peaty
7.1,13.53,325.86,Peaty
4.79,45.63,340.81,Silty
8.11,31.84,344.06,Silty
6.14,14.38,286.04,Peaty
7.65,18.06,315.08,Peaty
6.01,28.45,254.78,Clay
7.97,29.81,202.02,Sandy
5.44,10.72,448.98,Clay
7.15,22.1,352.85,Clay
6.89,40.48,129.35,Peaty
8.01,16.68,150.1,Sandy
6.39,27.76,63.02,Peaty
5.88,38.74,365.57,Sandy
5.06,37.0,159.45,Clay
4.51,8.86,240.24,Silty
7.35,40.17,63.34,Peaty
6.19,33.66,235.89,Loamy
6.79,19.42,394.95,Sandy
8.28,6.23,176.73,Sandy
6.49,15.11,324.45,Peaty
6.22,16.6,430.36,Sandy
4.89,30.37,238.33,Sandy
5.56,32.6,254.52,Peaty
5.45,5.96,354.28,Silty
6.91,23.77,195.9,Sandy
7.08,43.03,447.44,Sandy
8.55,46.69,240.8,Loamy
6.57,29.81,337.26,Sandy
8.31,27.49,340.2,Silty
4.98,11.57,296.23,Silty
8.74,25.76,219.22,Sandy
6.64,31.18,169.49,Sandy
7.01,16.77,435.25,Clay
5.53,39.54,266.84,Clay
5.91,28.47,76.69,Peaty
6.37,26.3,238.72,Loamy
6.3,28.95,344.38,Loamy
8.66,24.09,377.55,Clay
6.32,10.99,262.59,Sandy
8.98,25.69,324.13,Silty
8.6,28.5,283.54,Sandy
8.73,14.08,157.78,Clay
5.01,26.13,197.36,Peaty
5.98,27.57,142.89,Sandy
8.88,27.3,441.31,Loamy
8.76,43.83,322.56,Peaty
6.83,22.22,63.84,Clay
5.35,9.08,246.01,Sandy
6.02,11.11,163.69,Peaty
5.6,5.78,51.15,Sandy
5.17,49.32,422.58,Peaty
6.38,37.02,321.55,Clay
8.83,6.73,142.49,Sandy
7.12,38.21,59.1,Peaty
7.53,9.92,214.12,Loamy
5.99,47.09,416.87,Clay
4.75,24.43,346.32,Clay
7.67,6.5,148.09,Sandy
7.59,25.1,258.99,Loamy
6.82,28.76,253.07,Peaty
8.98,13.65,315.6,Sandy
6.8,48.23,113.29,Loamy
8.29,36.35,81.0,Peaty
4.73,45.39,341.86,Clay
6.48,17.46,126.74,Peaty
5.05,43.73,256.08,Sandy
4.68,8.25,117.25,Sandy
8.51,20.2,342.36,Clay
8.7,36.33,142.01,Clay
6.31,44.07,238.94,Peaty
8.86,16.17,99.32,Loamy
7.88,16.24,72.99,Silty
8.69,44.37,155.71,Loamy
5.58,8.44,433.59,Sandy
8.73,25.34,420.32,Clay
5.87,46.63,358.78,Silty
8.19,20.57,101.53,Peaty
6.21,37.43,132.6,Clay
7.46,9.8,429.27,Loamy
7.99,6.97,443.8,Sandy
8.56,26.45,264.67,Silty
6.97,28.41,231.78,Sandy
5.42,34.46,217.45,Silty
6.59,38.61,245.82,Loamy
5.11,35.59,319.62,Peaty
5.17,47.09,258.45,Silty
7.33,46.91,283.32,Loamy
7.5,24.98,388.52,Clay
8.26,17.97,333.23,Sandy
5.94,5.6,338.6,Sandy
6.22,31.51,106.18,Clay
8.48,21.36,179.63,Loamy
4.53,5.29,229.23,Loamy
8.46,14.98,379.44,Clay
7.7,12.51,282.31,Peaty
6.9,20.13,170.95,Clay
7.04,6.9,151.52,Silty
7.93,11.42,344.52,Clay
8.46,41.99,244.16,Peaty
6.34,36.96,85.76,Clay
6.83,5.88,270.39,Clay
8.15,25.3,68.57,Sandy
4.63,20.52,386.74,Loamy
8.2,45.3,411.21,Peaty
7.99,23.82,198.05,Silty
6.18,39.98,264.81,Clay
4.86,20.0,379.89,Clay
7.41,16.81,447.34,Loamy
6.98,9.31,349.81,Peaty
4.93,39.14,371.97,Peaty
7.03,14.94,149.6,Clay
6.46,8.24,273.19,Clay
8.67,29.67,333.4,Clay
7.08,44.17,102.57,Sandy
5.09,41.29,213.25,Sandy
5.44,20.5,114.63,Clay
5.82,15.61,55.82,Sandy
5.34,9.79,141.58,Clay
7.48,11.94,425.1,Sandy
6.9,31.18,223.28,Silty
8.41,23.91,85.68,Clay
8.23,48.29,441.16,Loamy
7.54,42.42,88.05,Sandy
6.46,44.9,253.51,Silty
6.88,25.56,264.21,Sandy
5.58,23.93,340.61,Loamy
8.76,39.04,179.42,Peaty
7.46,7.49,218.67,Silty
8.7,34.5,283.37,Silty
6.19,5.58,217.91,Sandy
6.13,43.54,212.3,Clay
7.27,47.02,217.87,Clay
7.99,44.83,207.12,Peaty
7.19,8.8,84.75,Peaty
7.43,10.12,68.24,Clay
4.53,19.15,172.72,Peaty
5.11,41.65,255.52,Silty
6.56,25.34,259.03,Silty
8.66,49.93,294.42,Loamy
5.68,25.2,408.7,Clay
8.23,37.78,206.86,Sandy
8.09,21.55,201.59,Sandy
6.72,22.93,234.26,Loamy
7.79,9.89,97.99,Peaty
5.42,35.1,89.51,Peaty
6.48,10.77,232.91,Clay
6.81,26.04,442.14,Sandy
6.31,44.69,293.32,Silty
5.37,15.01,107.12,Clay
5.07,39.4,367.51,Sandy
4.58,21.16,78.62,Peaty
5.98,31.94,299.76,Peaty
8.97,14.58,196.83,Peaty
8.08,6.28,266.81,Sandy
6.22,37.99,187.59,Sandy
8.5,23.91,401.33,Peaty
8.97,28.59,138.0,Peaty
4.81,19.08,441.7,Loamy
4.81,36.81,201.04,Clay
4.93,13.79,280.87,Clay
4.82,27.55,441.85,Clay
7.97,49.21,363.33,Clay
5.45,30.51,207.25,Clay
7.66,32.82,411.65,Sandy
6.81,17.89,165.08,Clay
8.25,29.13,217.12,Sandy
8.34,5.88,306.31,Peaty
5.59,40.03,110.05,Loamy
8.09,19.1,59.69,Peaty
4.86,33.46,311.35,Silty
5.12,35.28,383.66,Sandy
5.5,27.55,240.01,Peaty
6.11,26.96,437.88,Peaty
7.57,49.8,419.07,Sandy
7.59,12.93,315.62,Loamy
5.08,38.85,105.98,Loamy
8.71,46.01,400.07,Silty
5.03,38.52,218.85,Peaty
5.26,12.15,139.63,Loamy
8.17,28.69,421.01,Clay
5.47,21.95,282.88,Loamy
5.75,43.91,265.61,Clay
5.48,35.5,94.48,Sandy
8.84,42.1,55.37,Sandy
5.89,20.14,131.0,Sandy
7.86,12.07,172.95,Clay
8.56,45.49,273.99,Peaty
8.38,36.89,157.74,Clay
6.6,47.22,398.94,Loamy
8.94,12.34,128.49,Clay
7.99,11.73,101.96,Clay
8.0,36.18,325.77,Loamy
8.49,23.26,193.71,Loamy
5.08,49.51,374.63,Silty
6.05,44.2,159.87,Peaty
8.05,9.98,303.94,Sandy
5.73,12.98,69.04,Peaty
5.88,18.97,174.14,Loamy
7.39,47.54,176.37,Silty
6.55,30.77,163.5,Clay
7.84,47.34,271.14,Loamy
8.47,45.92,131.95,Sandy
7.54,37.21,379.48,Silty
4.84,10.41,419.77,Sandy
5.02,16.84,190.95,Loamy
8.75,12.38,181.59,Clay
8.47,20.51,189.22,Sandy
8.84,49.04,348.21,Peaty
8.21,23.24,341.85,Silty
5.36,39.7,174.75,Sandy
4.64,17.86,173.33,Loamy
7.39,17.46,359.29,Loamy
4.94,17.91,330.89,Clay
8.16,22.91,336.44,Peaty
5.68,49.45,199.73,Peaty
6.56,5.52,176.64,Sandy
7.65,26.13,65.78,Peaty
6.72,41.05,288.77,Sandy
6.06,19.24,328.02,Loamy
7.4,49.89,438.82,Sandy
7.42,40.87,206.98,Clay
7.01,46.81,287.25,Clay
8.22,49.32,243.86,Loamy
8.34,44.98,440.54,Sandy
6.45,36.08,238.48,Loamy
7.53,44.39,281.09,Sandy
7.57,8.28,193.84,Silty
8.26,25.52,194.28,Silty
4.69,36.68,51.21,Silty
5.73,19.1,410.29,Loamy
7.63,43.21,430.82,Clay
8.68,19.16,255.07,Peaty
7.4,30.85,250.34,Clay
6.45,29.26,356.88,Loamy
4.79,38.59,442.37,Peaty
4.88,25.72,110.38,Clay
5.85,33.13,53.88,Loamy
7.08,33.67,449.01,Sandy
8.92,15.59,81.88,Sandy
7.79,27.71,234.68,Silty
5.22,26.17,340.3,Loamy
7.77,11.05,80.68,Silty
6.01,42.76,419.8,Sandy
6.34,19.1,146.55,Loamy
8.06,24.92,202.67,Clay
4.91,25.58,81.54,Sandy
8.01,41.82,322.91,Sandy
5.79,38.74,283.12,Loamy
6.29,29.18,339.84,Sandy
8.2,15.13,150.87,Clay
4.79,43.24,375.51,Sandy
6.59,37.85,312.03,Sandy
6.24,47.13,243.93,Loamy
5.73,42.21,337.29,Peaty
8.02,40.44,297.36,Sandy
8.1,30.12,309.86,Loamy
8.06,25.08,82.3,Loamy
6.3,42.29,446.24,Sandy
4.77,39.62,402.96,Silty
5.93,26.44,157.7,Silty
6.72,16.48,55.98,Sandy
6.11,24.75,174.71,Peaty
6.93,21.52,444.85,Silty
7.31,35.4,160.3,Silty
6.95,22.58,334.6,Sandy
8.92,5.84,98.88,Loamy
5.19,9.6,70.03,Clay
8.26,34.64,161.01,Silty
8.49,18.94,53.88,Peaty
7.8,22.92,361.81,Clay
7.3,40.49,156.34,Clay
5.74,38.73,108.3,Clay
8.53,11.38,225.31,Peaty
8.38,13.48,364.26,Silty
8.95,13.74,275.89,Loamy
7.91,48.07,418.88,Clay
6.15,15.53,379.93,Silty
4.56,31.17,349.03,Loamy
7.25,9.95,110.82,Peaty
6.5,10.05,432.56,Silty
5.12,39.72,189.06,Peaty
5.56,32.82,250.47,Silty
7.57,37.68,91.05,Peaty
8.63,41.77,73.71,Peaty
4.83,28.06,272.68,Sandy
8.26,20.34,60.63,Clay
5.56,9.34,151.71,Silty
6.73,29.42,114.77,Peaty
4.8,37.97,144.15,Silty
7.44,12.23,386.23,Sandy
5.42,42.07,161.71,Sandy
5.96,49.7,116.65,Clay
8.53,41.38,124.83,Clay
8.46,46.21,325.23,Clay
6.21,9.61,447.33,Silty
8.48,40.97,76.12,Sandy
7.45,10.54,397.35,Silty
5.66,32.22,182.43,Sandy
5.87,27.65,266.04,Clay
4.55,35.85,171.93,Silty
5.52,13.36,132.06,Sandy
8.28,16.42,84.63,Sandy
8.89,35.76,184.91,Sandy
8.31,36.97,124.74,Clay
6.29,45.62,282.86,Sandy
5.35,43.35,366.09,Silty
8.98,22.7,182.2,Clay
7.29,25.42,333.53,Loamy
6.81,11.89,335.73,Clay
7.75,12.03,314.52,Loamy
4.82,47.6,118.06,Sandy
8.98,39.62,86.15,Silty
5.45,48.2,361.08,Clay
5.3,32.57,71.25,Silty
6.34,17.36,50.39,Sandy
5.48,31.87,435.97,Loamy
8.14,49.88,391.85,Clay
7.73,45.41,381.7,Silty
5.49,48.19,335.73,Loamy
7.4,43.24,400.7,Peaty
7.5,15.9,161.82,Loamy
7.37,27.88,307.44,Clay
5.26,6.76,251.01,Sandy
5.57,38.68,409.06,Clay
8.56,13.41,448.09,Clay
8.81,6.1,419.35,Silty
5.52,31.16,413.11,Loamy
7.22,18.65,98.66,Peaty
5.49,16.89,343.99,Silty
7.73,47.67,221.87,Peaty
5.12,28.3,160.35,Sandy
7.2,12.75,175.7,Loamy
5.98,24.34,224.73,Loamy
5.74,27.69,257.79,Loamy
8.82,6.34,394.41,Silty
5.2,31.57,431.88,Peaty
7.8,27.82,55.31,Loamy
7.14,5.02,162.88,Silty
8.22,26.33,314.88,Clay
5.19,11.48,286.01,Peaty
6.82,15.67,389.39,Sandy
7.53,17.57,148.49,Peaty
5.12,33.66,279.83,Loamy
6.83,29.17,228.74,Clay
8.31,39.71,120.61,Clay
7.85,9.79,155.76,Sandy
4.93,46.95,359.55,Silty
6.59,15.73,408.08,Sandy
6.97,42.11,100.86,Silty
6.92,20.34,136.22,Peaty
7.92,46.99,214.98,Sandy
8.11,6.21,371.61,Peaty
8.49,15.42,227.52,Clay
6.31,26.78,268.93,Clay
8.3,24.03,161.5,Sandy
7.7,47.54,316.04,Sandy
5.67,10.11,171.48,Clay
8.88,15.1,288.05,Sandy
6.32,47.4,417.0,Sandy
5.33,9.45,141.0,Clay
8.55,6.67,130.13,Silty
8.65,22.44,95.1,Sandy
7.44,42.85,304.08,Peaty
8.3,17.22,299.89,Loamy
8.01,49.43,229.07,Sandy
8.25,22.74,76.03,Loamy
5.21,33.65,375.51,Peaty
6.23,14.21,76.61,Loamy
5.54,32.82,304.28,Silty
6.83,41.06,179.51,Sandy
8.19,11.48,172.8,Clay
7.6,23.26,331.33,Clay
5.51,7.97,79.49,Silty
8.8,31.87,405.88,Sandy
8.52,47.89,223.59,Loamy
5.5,11.04,413.43,Loamy
5.4,21.4,405.92,Sandy
6.66,21.17,439.51,Silty
4.84,24.32,239.3,Silty
4.99,40.25,285.92,Silty
5.17,35.39,254.87,Loamy
5.3,41.7,156.15,Sandy
6.27,32.27,201.58,Peaty
8.75,5.69,170.31,Peaty
7.72,7.35,110.87,Clay
4.62,28.12,411.31,Silty
6.44,41.56,382.18,Clay
5.12,16.66,338.11,Silty
